ID,Tipo,SKU,"GTIN, UPC, EAN, or ISBN",Nombre,Publicado,¿Está destacado?,Visibilidad en el catálogo,Descripción corta,Descripción,Día en que empieza el precio rebajado,Día en que termina el precio rebajado,Estado del impuesto,Clase de impuesto,¿Existencias?,Inventario,Cantidad de bajo inventario,¿Permitir reservas de productos agotados?,¿Vendido individualmente?,Peso (kg),Longitud (cm),Ancho (cm),Altura (cm),¿Permitir valoraciones de clientes?,Nota de compra,Precio rebajado,Precio normal,Categorías,Etiquetas,Clase de envío,Imágenes,Límite de descargas,Días de caducidad de la descarga,Superior,Productos agrupados,Ventas dirigidas,Ventas cruzadas,URL externa,Texto del botón,Posición,Brands,Nombre del atributo 1,Valor(es) del atributo 1,Atributo visible 1,Atributo global 1,Nombre del atributo 2,Valor(es) del atributo 2,Atributo visible 2,Atributo global 2
2000,variable,IUKU0001,,Funda ultrafina mate magsafe translúcida rigida,1,0,visible,"Fabricada en plástico rígido ultradelgado con acabado mate traslúcido. Diseñado para permitir el paso de luz, revelando sutilmente los objetos detrás sin ser completamente transparente. Compatible con MagSafe; ideal para usar en oficina, salidas casuales; pensada para vestir elegante.",,,,taxable,,1,,,0,0,,,,,0,,,,FUNDA,,,https://iuku.store/wp-content/uploads/2025/02/IMG_6249-1.jpg,,,,,,,,,0,,Color,"Blanco, Negro",0,0,Modelo,"iPhone 12 / 12 Pro, iPhone 12 Pro Max, iPhone 13 / 14, iPhone 13 Pro, iPhone 13 Pro Max, iPhone 14 Pro, iPhone 14 Pro Max, iPhone 14 Plus, iPhone 15, iPhone 15 Pro, iPhone 15 Pro Max, iPhone 15 Plus, iPhone 16, iPhone 16 Pro, iPhone 16 Pro Max, iPhone 16 Plus",0,0
2033,variable,IUKU0002,,Funda con marco de metal transparente magsafe,1,0,visible,"Fabricada con plástico grueso y firme. Los bordes rígidos absorben impactos y protegen contra caídas, mientras que el interior transparente destaca el diseño original del dispositivo. El módulo de la cámara cuenta con un elegante borde metálico para mayor protección y estilo. Compatible con MagSafe; ideal para trabajos comprometedores sin sacrificar la estética.",,,,taxable,,1,,,0,0,,,,,0,,,,FUNDA,,,https://iuku.store/wp-content/uploads/2025/02/IMG_9262-scaled.jpeg,,,,,,,,,0,,Color,"Blanco, Negro, Gris",0,0,Modelo,"iPhone 12 / 12 Pro, iPhone 12 Pro Max, iPhone 13 / 14, iPhone 13 Pro, iPhone 13 Pro Max, iPhone 14 Pro, iPhone 14 Pro Max, iPhone 14 Plus, iPhone 15, iPhone 15 Pro, iPhone 15 Pro Max, iPhone 15 Plus, iPhone 16, iPhone 16 Pro, iPhone 16 Pro Max, iPhone 16 Plus",0,0
2082,variable,IUKU0003,,Funda mate trasucida magsafe,1,0,visible,"Fabricada con plástico flexible con textura gomosa, ofrece una superficie adherente y cómoda al tacto. Los bordes de goma están diseñados para absorber impactos, proporcionando una protección contra caídas. La parte trasera presenta un acabado mate ahumado, que combina estilo moderno y funcionalidad. Una opción ultra resistente para quienes buscan durabilidad sin renunciar a un diseño práctico y elegante.",,,,taxable,,1,,,0,0,,,,,0,,,,FUNDA,,,https://iuku.store/wp-content/uploads/2025/02/IMG_6305.jpg,,,,,,,,,0,,Color,"Negro, Gris, Azul, Rosa",0,0,Modelo,"iPhone 12 / 12 Pro, iPhone 12 Pro Max, iPhone 13 / 14, iPhone 13 Pro, iPhone 13 Pro Max, iPhone 14 Pro, iPhone 14 Pro Max, iPhone 14 Plus, iPhone 15, iPhone 15 Pro, iPhone 15 Pro Max, iPhone 15 Plus, iPhone 16, iPhone 16 Pro, iPhone 16 Pro Max, iPhone 16 Plus",0,0
2118,variable,IUKU0004,,Funda con soporte de anillo magsafe mate,1,0,visible,"Fabricada con plástico flexible de textura gomosa, proporciona un agarre seguro y cómodo. Los bordes de goma absorben impactos, garantizando resistencia a caídas, mientras que la parte trasera mate añade un toque moderno y discreto. Incluye un innovador anillo magnético MagSafe plegable de metal, integrado mediante una bisagra robusta permitiendo colocar el iPhone en posición horizontal y vertical sobre una superficie para disfrutar de videos o videollamadas. Una funda diseñada para quienes buscan practicidad, protección y un diseño todo en uno.",,,,taxable,,1,,,0,0,,,,,0,,,,FUNDA,,,https://iuku.store/wp-content/uploads/2025/02/S348a8b54322f49d0ba72faf95ae7335b8.avif,,,,,,,,,0,,Color,"Negro, Gris, Gold",0,0,Modelo,"iPhone 12 / 12 Pro, iPhone 12 Pro Max, iPhone 13 / 14, iPhone 13 Pro, iPhone 13 Pro Max, iPhone 14 Pro, iPhone 14 Pro Max, iPhone 14 Plus, iPhone 15, iPhone 15 Pro, iPhone 15 Pro Max, iPhone 15 Plus, iPhone 16, iPhone 16 Pro, iPhone 16 Pro Max, iPhone 16 Plus",0,0
2148,variable,IUKU0005,,Mica de cristal templado acabado mate,1,0,visible,"La mica de cristal templado con acabado mate mantiene tu pantalla libre de huellas y reflejos, ofreciendo una estética limpia, elegante y minimalista. Su diseño anti reflejos mejora la visibilidad en exteriores y protege eficazmente contra golpes, caídas y rasguños.",,,,,,1,,,0,0,,,,,0,,,,MICA,,,,,,,,,,,,0,,Modelo,"iPhone 12, iPhone 12 Pro, iPhone 12 Pro Max, iPhone 13, iPhone 13 Pro, iPhone 13 Pro Max, iPhone 14, iPhone 14 Pro, iPhone 14 Pro Max, iPhone 14 Plus, iPhone 15, iPhone 15 Pro, iPhone 15 Pro Max, iPhone 15 Plus, iPhone 16, iPhone 16 Pro, iPhone 16 Pro Max, iPhone 16 Plus",0,0,,,,
2167,variable,IUKU0006,,Mica de Cristal Templado con Filtro de Privacidad,1,0,visible,"Su tecnología evita que el contenido sea visible desde ángulos laterales, manteniendo tu privacidad en todo momento. Ideal para quienes quieren una protección completa y, además, evitar miradas indiscretas: la mica antichismosos que necesitas.",,,,,,1,,,0,0,,,,,0,,,,MICA,,,,,,,,,,,,0,,Modelo,"iPhone 12, iPhone 12 Pro, iPhone 12 Pro Max, iPhone 13, iPhone 13 Pro, iPhone 13 Pro Max, iPhone 14, iPhone 14 Pro, iPhone 14 Pro Max, iPhone 14 Plus, iPhone 15, iPhone 15 Pro, iPhone 15 Pro Max, iPhone 15 Plus, iPhone 16, iPhone 16 Pro, iPhone 16 Pro Max, iPhone 16 Plus",0,0,,,,
2186,variable,IUKU0007,,Mica de Cristal Templado 9D Transparente,1,0,visible,"Su diseño transparente cubre completamente la pantalla, ofreciendo resistencia excepcional contra golpes, caídas, rayones y rasguños. Perfecta para mantener tu dispositivo impecable y protegido ante cualquier eventualidad.",,,,,,1,,,0,0,,,,,0,,,,MICA,,,,,,,,,,,,0,,Modelo,"iPhone 12, iPhone 12 Pro, iPhone 12 Pro Max, iPhone 13, iPhone 13 Pro, iPhone 13 Pro Max, iPhone 14, iPhone 14 Pro, iPhone 14 Pro Max, iPhone 14 Plus, iPhone 15, iPhone 15 Pro, iPhone 15 Pro Max, iPhone 15 Plus, iPhone 16, iPhone 16 Pro, iPhone 16 Pro Max, iPhone 16 Plus",0,0,,,,
2205,variable,IUKU0008,,Protector de Cristal Templado para Módulo de Cámara,1,0,visible,"Protege el módulo de cámaras de tu iPhone con esta mica de cristal templado diseñada para brindar seguridad total. Su diseño de una sola pieza cubre completamente las lentes, mientras que los anillos negros integrados en el cristal reducen el exceso de luz para mejorar la calidad de tus fotografías en condiciones de alta luminosidad. Resistente a golpes, caídas y arañazos. Garantiza la protección de tus cámaras sin comprometer la nitidez de tus fotos.",,,,,,1,,,0,0,,,,,0,,,,MICA,,,,,,,,,,,,0,,Modelo,,0,0,,,,
2001,variation,,,"Funda ultrafina mate magsafe translúcida rigida - Blanco, iPhone 12 / 12 Pro",1,0,visible,,,,,taxable,parent,1,6,,0,0,,,,,0,,199,249,,,,,,,IUKU0001,,,,,,1,,Color,Blanco,,0,Modelo,iPhone 12 / 12 Pro,,0
2002,variation,,,"Funda ultrafina mate magsafe translúcida rigida - Blanco, iPhone 12 Pro Max",1,0,visible,,,,,taxable,parent,1,6,,0,0,,,,,0,,199,249,,,,,,,IUKU0001,,,,,,2,,Color,Blanco,,0,Modelo,iPhone 12 Pro Max,,0
2003,variation,,,"Funda ultrafina mate magsafe translúcida rigida - Blanco, iPhone 13 / 14",1,0,visible,,,,,taxable,parent,1,2,,0,0,,,,,0,,199,249,,,,,,,IUKU0001,,,,,,3,,Color,Blanco,,0,Modelo,iPhone 13 / 14,,0
2004,variation,,,"Funda ultrafina mate magsafe translúcida rigida - Blanco, iPhone 13 Pro",1,0,visible,,,,,taxable,parent,1,3,,0,0,,,,,0,,199,249,,,,,,,IUKU0001,,,,,,4,,Color,Blanco,,0,Modelo,iPhone 13 Pro,,0
2005,variation,,,"Funda ultrafina mate magsafe translúcida rigida - Blanco, iPhone 13 Pro Max",1,0,visible,,,,,taxable,parent,1,6,,0,0,,,,,0,,199,249,,,,,,,IUKU0001,,,,,,5,,Color,Blanco,,0,Modelo,iPhone 13 Pro Max,,0
2006,variation,,,"Funda ultrafina mate magsafe translúcida rigida - Blanco, iPhone 14 Pro",1,0,visible,,,,,taxable,parent,1,9,,0,0,,,,,0,,199,249,,,,,,,IUKU0001,,,,,,6,,Color,Blanco,,0,Modelo,iPhone 14 Pro,,0
2007,variation,,,"Funda ultrafina mate magsafe translúcida rigida - Blanco, iPhone 14 Pro Max",1,0,visible,,,,,taxable,parent,1,4,,0,0,,,,,0,,199,249,,,,,,,IUKU0001,,,,,,7,,Color,Blanco,,0,Modelo,iPhone 14 Pro Max,,0
2008,variation,,,"Funda ultrafina mate magsafe translúcida rigida - Blanco, iPhone 14 Plus",1,0,visible,,,,,taxable,parent,1,2,,0,0,,,,,0,,199,249,,,,,,,IUKU0001,,,,,,8,,Color,Blanco,,0,Modelo,iPhone 14 Plus,,0
2009,variation,,,"Funda ultrafina mate magsafe translúcida rigida - Blanco, iPhone 15",1,0,visible,,,,,taxable,parent,1,3,,0,0,,,,,0,,199,249,,,,,,,IUKU0001,,,,,,9,,Color,Blanco,,0,Modelo,iPhone 15,,0
2010,variation,,,"Funda ultrafina mate magsafe translúcida rigida - Blanco, iPhone 15 Pro",1,0,visible,,,,,taxable,parent,1,0,,0,0,,,,,0,,199,249,,,,,,,IUKU0001,,,,,,10,,Color,Blanco,,0,Modelo,iPhone 15 Pro,,0
2011,variation,,,"Funda ultrafina mate magsafe translúcida rigida - Blanco, iPhone 15 Pro Max",1,0,visible,,,,,taxable,parent,1,4,,0,0,,,,,0,,199,249,,,,,,,IUKU0001,,,,,,11,,Color,Blanco,,0,Modelo,iPhone 15 Pro Max,,0
2012,variation,,,"Funda ultrafina mate magsafe translúcida rigida - Blanco, iPhone 15 Plus",1,0,visible,,,,,taxable,parent,1,3,,0,0,,,,,0,,199,249,,,,,,,IUKU0001,,,,,,12,,Color,Blanco,,0,Modelo,iPhone 15 Plus,,0
2013,variation,,,"Funda ultrafina mate magsafe translúcida rigida - Blanco, iPhone 16",1,0,visible,,,,,taxable,parent,1,2,,0,0,,,,,0,,199,249,,,,,,,IUKU0001,,,,,,13,,Color,Blanco,,0,Modelo,iPhone 16,,0
2014,variation,,,"Funda ultrafina mate magsafe translúcida rigida - Blanco, iPhone 16 Pro",1,0,visible,,,,,taxable,parent,1,4,,0,0,,,,,0,,199,249,,,,,,,IUKU0001,,,,,,14,,Color,Blanco,,0,Modelo,iPhone 16 Pro,,0
2015,variation,,,"Funda ultrafina mate magsafe translúcida rigida - Blanco, iPhone 16 Pro Max",1,0,visible,,,,,taxable,parent,1,4,,0,0,,,,,0,,199,249,,,,,,,IUKU0001,,,,,,15,,Color,Blanco,,0,Modelo,iPhone 16 Pro Max,,0
2016,variation,,,"Funda ultrafina mate magsafe translúcida rigida - Blanco, iPhone 16 Plus",1,0,visible,,,,,taxable,parent,1,2,,0,0,,,,,0,,199,249,,,,,,,IUKU0001,,,,,,16,,Color,Blanco,,0,Modelo,iPhone 16 Plus,,0
2017,variation,,,"Funda ultrafina mate magsafe translúcida rigida - Negro, iPhone 12 / 12 Pro",1,0,visible,,,,,taxable,parent,1,3,,0,0,,,,,0,,199,249,,,,,,,IUKU0001,,,,,,17,,Color,Negro,,0,Modelo,iPhone 12 / 12 Pro,,0
2018,variation,,,"Funda ultrafina mate magsafe translúcida rigida - Negro, iPhone 12 Pro Max",1,0,visible,,,,,taxable,parent,1,5,,0,0,,,,,0,,199,249,,,,,,,IUKU0001,,,,,,18,,Color,Negro,,0,Modelo,iPhone 12 Pro Max,,0
2019,variation,,,"Funda ultrafina mate magsafe translúcida rigida - Negro, iPhone 13 / 14",1,0,visible,,,,,taxable,parent,1,4,,0,0,,,,,0,,199,249,,,,,,,IUKU0001,,,,,,19,,Color,Negro,,0,Modelo,iPhone 13 / 14,,0
2020,variation,,,"Funda ultrafina mate magsafe translúcida rigida - Negro, iPhone 13 Pro",1,0,visible,,,,,taxable,parent,1,5,,0,0,,,,,0,,199,249,,,,,,,IUKU0001,,,,,,20,,Color,Negro,,0,Modelo,iPhone 13 Pro,,0
2021,variation,,,"Funda ultrafina mate magsafe translúcida rigida - Negro, iPhone 13 Pro Max",1,0,visible,,,,,taxable,parent,1,3,,0,0,,,,,0,,199,249,,,,,,,IUKU0001,,,,,,21,,Color,Negro,,0,Modelo,iPhone 13 Pro Max,,0
2022,variation,,,"Funda ultrafina mate magsafe translúcida rigida - Negro, iPhone 14 Pro",1,0,visible,,,,,taxable,parent,1,3,,0,0,,,,,0,,199,249,,,,,,,IUKU0001,,,,,,22,,Color,Negro,,0,Modelo,iPhone 14 Pro,,0
2023,variation,,,"Funda ultrafina mate magsafe translúcida rigida - Negro, iPhone 14 Pro Max",1,0,visible,,,,,taxable,parent,1,5,,0,0,,,,,0,,199,249,,,,,,,IUKU0001,,,,,,23,,Color,Negro,,0,Modelo,iPhone 14 Pro Max,,0
2024,variation,,,"Funda ultrafina mate magsafe translúcida rigida - Negro, iPhone 14 Plus",1,0,visible,,,,,taxable,parent,1,2,,0,0,,,,,0,,199,249,,,,,,,IUKU0001,,,,,,24,,Color,Negro,,0,Modelo,iPhone 14 Plus,,0
2025,variation,,,"Funda ultrafina mate magsafe translúcida rigida - Negro, iPhone 15",1,0,visible,,,,,taxable,parent,1,1,,0,0,,,,,0,,199,249,,,,,,,IUKU0001,,,,,,25,,Color,Negro,,0,Modelo,iPhone 15,,0
2026,variation,,,"Funda ultrafina mate magsafe translúcida rigida - Negro, iPhone 15 Pro",1,0,visible,,,,,taxable,parent,1,2,,0,0,,,,,0,,199,249,,,,,,,IUKU0001,,,,,,26,,Color,Negro,,0,Modelo,iPhone 15 Pro,,0
2027,variation,,,"Funda ultrafina mate magsafe translúcida rigida - Negro, iPhone 15 Pro Max",1,0,visible,,,,,taxable,parent,1,4,,0,0,,,,,0,,199,249,,,,,,,IUKU0001,,,,,,27,,Color,Negro,,0,Modelo,iPhone 15 Pro Max,,0
2028,variation,,,"Funda ultrafina mate magsafe translúcida rigida - Negro, iPhone 15 Plus",1,0,visible,,,,,taxable,parent,1,2,,0,0,,,,,0,,199,249,,,,,,,IUKU0001,,,,,,28,,Color,Negro,,0,Modelo,iPhone 15 Plus,,0
2029,variation,,,"Funda ultrafina mate magsafe translúcida rigida - Negro, iPhone 16",1,0,visible,,,,,taxable,parent,1,1,,0,0,,,,,0,,199,249,,,,,,,IUKU0001,,,,,,29,,Color,Negro,,0,Modelo,iPhone 16,,0
2030,variation,,,"Funda ultrafina mate magsafe translúcida rigida - Negro, iPhone 16 Pro",1,0,visible,,,,,taxable,parent,1,3,,0,0,,,,,0,,199,249,,,,,,,IUKU0001,,,,,,30,,Color,Negro,,0,Modelo,iPhone 16 Pro,,0
2031,variation,,,"Funda ultrafina mate magsafe translúcida rigida - Negro, iPhone 16 Pro Max",1,0,visible,,,,,taxable,parent,1,5,,0,0,,,,,0,,199,249,,,,,,,IUKU0001,,,,,,31,,Color,Negro,,0,Modelo,iPhone 16 Pro Max,,0
2032,variation,,,"Funda ultrafina mate magsafe translúcida rigida - Negro, iPhone 16 Plus",1,0,visible,,,,,taxable,parent,1,2,,0,0,,,,,0,,199,249,,,,,,,IUKU0001,,,,,,32,,Color,Negro,,0,Modelo,iPhone 16 Plus,,0
2034,variation,,,"Funda con marco de metal transparente magsafe - Blanco, iPhone 12 / 12 Pro",1,0,visible,,,,,taxable,parent,1,1,,0,0,,,,,0,,249,299,,,,,,,IUKU0002,,,,,,1,,Color,Blanco,,0,Modelo,iPhone 12 / 12 Pro,,0
2035,variation,,,"Funda con marco de metal transparente magsafe - Blanco, iPhone 12 Pro Max",1,0,visible,,,,,taxable,parent,1,3,,0,0,,,,,0,,249,299,,,,,,,IUKU0002,,,,,,2,,Color,Blanco,,0,Modelo,iPhone 12 Pro Max,,0
2036,variation,,,"Funda con marco de metal transparente magsafe - Blanco, iPhone 13 / 14",1,0,visible,,,,,taxable,parent,1,4,,0,0,,,,,0,,249,299,,,,,,,IUKU0002,,,,,,3,,Color,Blanco,,0,Modelo,iPhone 13 / 14,,0
2037,variation,,,"Funda con marco de metal transparente magsafe - Blanco, iPhone 13 Pro",1,0,visible,,,,,taxable,parent,1,2,,0,0,,,,,0,,249,299,,,,,,,IUKU0002,,,,,,4,,Color,Blanco,,0,Modelo,iPhone 13 Pro,,0
2038,variation,,,"Funda con marco de metal transparente magsafe - Blanco, iPhone 13 Pro Max",1,0,visible,,,,,taxable,parent,1,2,,0,0,,,,,0,,249,299,,,,,,,IUKU0002,,,,,,5,,Color,Blanco,,0,Modelo,iPhone 13 Pro Max,,0
2039,variation,,,"Funda con marco de metal transparente magsafe - Blanco, iPhone 14 Pro",1,0,visible,,,,,taxable,parent,1,1,,0,0,,,,,0,,249,299,,,,,,,IUKU0002,,,,,,6,,Color,Blanco,,0,Modelo,iPhone 14 Pro,,0
2040,variation,,,"Funda con marco de metal transparente magsafe - Blanco, iPhone 14 Pro Max",1,0,visible,,,,,taxable,parent,1,4,,0,0,,,,,0,,249,299,,,,,,,IUKU0002,,,,,,7,,Color,Blanco,,0,Modelo,iPhone 14 Pro Max,,0
2041,variation,,,"Funda con marco de metal transparente magsafe - Blanco, iPhone 14 Plus",1,0,visible,,,,,taxable,parent,1,1,,0,0,,,,,0,,249,299,,,,,,,IUKU0002,,,,,,8,,Color,Blanco,,0,Modelo,iPhone 14 Plus,,0
2042,variation,,,"Funda con marco de metal transparente magsafe - Blanco, iPhone 15",1,0,visible,,,,,taxable,parent,1,3,,0,0,,,,,0,,249,299,,,,,,,IUKU0002,,,,,,9,,Color,Blanco,,0,Modelo,iPhone 15,,0
2043,variation,,,"Funda con marco de metal transparente magsafe - Blanco, iPhone 15 Pro",1,0,visible,,,,,taxable,parent,1,3,,0,0,,,,,0,,249,299,,,,,,,IUKU0002,,,,,,10,,Color,Blanco,,0,Modelo,iPhone 15 Pro,,0
2044,variation,,,"Funda con marco de metal transparente magsafe - Blanco, iPhone 15 Pro Max",1,0,visible,,,,,taxable,parent,1,5,,0,0,,,,,0,,249,299,,,,,,,IUKU0002,,,,,,11,,Color,Blanco,,0,Modelo,iPhone 15 Pro Max,,0
2045,variation,,,"Funda con marco de metal transparente magsafe - Blanco, iPhone 15 Plus",1,0,visible,,,,,taxable,parent,1,2,,0,0,,,,,0,,249,299,,,,,,,IUKU0002,,,,,,12,,Color,Blanco,,0,Modelo,iPhone 15 Plus,,0
2046,variation,,,"Funda con marco de metal transparente magsafe - Blanco, iPhone 16",1,0,visible,,,,,taxable,parent,1,2,,0,0,,,,,0,,249,299,,,,,,,IUKU0002,,,,,,13,,Color,Blanco,,0,Modelo,iPhone 16,,0
2047,variation,,,"Funda con marco de metal transparente magsafe - Blanco, iPhone 16 Pro",1,0,visible,,,,,taxable,parent,1,2,,0,0,,,,,0,,249,299,,,,,,,IUKU0002,,,,,,14,,Color,Blanco,,0,Modelo,iPhone 16 Pro,,0
2048,variation,,,"Funda con marco de metal transparente magsafe - Blanco, iPhone 16 Pro Max",1,0,visible,,,,,taxable,parent,1,2,,0,0,,,,,0,,249,299,,,,,,,IUKU0002,,,,,,15,,Color,Blanco,,0,Modelo,iPhone 16 Pro Max,,0
2049,variation,,,"Funda con marco de metal transparente magsafe - Blanco, iPhone 16 Plus",1,0,visible,,,,,taxable,parent,1,1,,0,0,,,,,0,,249,299,,,,,,,IUKU0002,,,,,,16,,Color,Blanco,,0,Modelo,iPhone 16 Plus,,0
2050,variation,,,"Funda con marco de metal transparente magsafe - Negro, iPhone 12 / 12 Pro",1,0,visible,,,,,taxable,parent,1,6,,0,0,,,,,0,,249,299,,,,,,,IUKU0002,,,,,,17,,Color,Negro,,0,Modelo,iPhone 12 / 12 Pro,,0
2051,variation,,,"Funda con marco de metal transparente magsafe - Negro, iPhone 12 Pro Max",1,0,visible,,,,,taxable,parent,1,6,,0,0,,,,,0,,249,299,,,,,,,IUKU0002,,,,,,18,,Color,Negro,,0,Modelo,iPhone 12 Pro Max,,0
2052,variation,,,"Funda con marco de metal transparente magsafe - Negro, iPhone 13 / 14",1,0,visible,,,,,taxable,parent,1,5,,0,0,,,,,0,,249,299,,,,,,,IUKU0002,,,,,,19,,Color,Negro,,0,Modelo,iPhone 13 / 14,,0
2053,variation,,,"Funda con marco de metal transparente magsafe - Negro, iPhone 13 Pro",1,0,visible,,,,,taxable,parent,1,4,,0,0,,,,,0,,249,299,,,,,,,IUKU0002,,,,,,20,,Color,Negro,,0,Modelo,iPhone 13 Pro,,0
2054,variation,,,"Funda con marco de metal transparente magsafe - Negro, iPhone 13 Pro Max",1,0,visible,,,,,taxable,parent,1,4,,0,0,,,,,0,,249,299,,,,,,,IUKU0002,,,,,,21,,Color,Negro,,0,Modelo,iPhone 13 Pro Max,,0
2055,variation,,,"Funda con marco de metal transparente magsafe - Negro, iPhone 14 Pro",1,0,visible,,,,,taxable,parent,1,4,,0,0,,,,,0,,249,299,,,,,,,IUKU0002,,,,,,22,,Color,Negro,,0,Modelo,iPhone 14 Pro,,0
2056,variation,,,"Funda con marco de metal transparente magsafe - Negro, iPhone 14 Pro Max",1,0,visible,,,,,taxable,parent,1,5,,0,0,,,,,0,,249,299,,,,,,,IUKU0002,,,,,,23,,Color,Negro,,0,Modelo,iPhone 14 Pro Max,,0
2057,variation,,,"Funda con marco de metal transparente magsafe - Negro, iPhone 14 Plus",1,0,visible,,,,,taxable,parent,1,2,,0,0,,,,,0,,249,299,,,,,,,IUKU0002,,,,,,24,,Color,Negro,,0,Modelo,iPhone 14 Plus,,0
2058,variation,,,"Funda con marco de metal transparente magsafe - Negro, iPhone 15",1,0,visible,,,,,taxable,parent,1,4,,0,0,,,,,0,,249,299,,,,,,,IUKU0002,,,,,,25,,Color,Negro,,0,Modelo,iPhone 15,,0
2059,variation,,,"Funda con marco de metal transparente magsafe - Negro, iPhone 15 Pro",1,0,visible,,,,,taxable,parent,1,4,,0,0,,,,,0,,249,299,,,,,,,IUKU0002,,,,,,26,,Color,Negro,,0,Modelo,iPhone 15 Pro,,0
2060,variation,,,"Funda con marco de metal transparente magsafe - Negro, iPhone 15 Pro Max",1,0,visible,,,,,taxable,parent,1,4,,0,0,,,,,0,,249,299,,,,,,,IUKU0002,,,,,,27,,Color,Negro,,0,Modelo,iPhone 15 Pro Max,,0
2061,variation,,,"Funda con marco de metal transparente magsafe - Negro, iPhone 15 Plus",1,0,visible,,,,,taxable,parent,1,2,,0,0,,,,,0,,249,299,,,,,,,IUKU0002,,,,,,28,,Color,Negro,,0,Modelo,iPhone 15 Plus,,0
2062,variation,,,"Funda con marco de metal transparente magsafe - Negro, iPhone 16",1,0,visible,,,,,taxable,parent,1,4,,0,0,,,,,0,,249,299,,,,,,,IUKU0002,,,,,,29,,Color,Negro,,0,Modelo,iPhone 16,,0
2063,variation,,,"Funda con marco de metal transparente magsafe - Negro, iPhone 16 Pro",1,0,visible,,,,,taxable,parent,1,4,,0,0,,,,,0,,249,299,,,,,,,IUKU0002,,,,,,30,,Color,Negro,,0,Modelo,iPhone 16 Pro,,0
2064,variation,,,"Funda con marco de metal transparente magsafe - Negro, iPhone 16 Pro Max",1,0,visible,,,,,taxable,parent,1,6,,0,0,,,,,0,,249,299,,,,,,,IUKU0002,,,,,,31,,Color,Negro,,0,Modelo,iPhone 16 Pro Max,,0
2065,variation,,,"Funda con marco de metal transparente magsafe - Negro, iPhone 16 Plus",1,0,visible,,,,,taxable,parent,1,1,,0,0,,,,,0,,249,299,,,,,,,IUKU0002,,,,,,32,,Color,Negro,,0,Modelo,iPhone 16 Plus,,0
2066,variation,,,"Funda con marco de metal transparente magsafe - Gris, iPhone 12 / 12 Pro",1,0,visible,,,,,taxable,parent,1,1,,0,0,,,,,0,,249,299,,,,,,,IUKU0002,,,,,,33,,Color,Gris,,0,Modelo,iPhone 12 / 12 Pro,,0
2067,variation,,,"Funda con marco de metal transparente magsafe - Gris, iPhone 12 Pro Max",1,0,visible,,,,,taxable,parent,1,2,,0,0,,,,,0,,249,299,,,,,,,IUKU0002,,,,,,34,,Color,Gris,,0,Modelo,iPhone 12 Pro Max,,0
2068,variation,,,"Funda con marco de metal transparente magsafe - Gris, iPhone 13 / 14",1,0,visible,,,,,taxable,parent,1,0,,0,0,,,,,0,,249,299,,,,,,,IUKU0002,,,,,,35,,Color,Gris,,0,Modelo,iPhone 13 / 14,,0
2069,variation,,,"Funda con marco de metal transparente magsafe - Gris, iPhone 13 Pro",1,0,visible,,,,,taxable,parent,1,2,,0,0,,,,,0,,249,299,,,,,,,IUKU0002,,,,,,36,,Color,Gris,,0,Modelo,iPhone 13 Pro,,0
2070,variation,,,"Funda con marco de metal transparente magsafe - Gris, iPhone 13 Pro Max",1,0,visible,,,,,taxable,parent,1,2,,0,0,,,,,0,,249,299,,,,,,,IUKU0002,,,,,,37,,Color,Gris,,0,Modelo,iPhone 13 Pro Max,,0
2071,variation,,,"Funda con marco de metal transparente magsafe - Gris, iPhone 14 Pro",1,0,visible,,,,,taxable,parent,1,2,,0,0,,,,,0,,249,299,,,,,,,IUKU0002,,,,,,38,,Color,Gris,,0,Modelo,iPhone 14 Pro,,0
2072,variation,,,"Funda con marco de metal transparente magsafe - Gris, iPhone 14 Pro Max",1,0,visible,,,,,taxable,parent,1,3,,0,0,,,,,0,,249,299,,,,,,,IUKU0002,,,,,,39,,Color,Gris,,0,Modelo,iPhone 14 Pro Max,,0
2073,variation,,,"Funda con marco de metal transparente magsafe - Gris, iPhone 14 Plus",1,0,visible,,,,,taxable,parent,1,1,,0,0,,,,,0,,249,299,,,,,,,IUKU0002,,,,,,40,,Color,Gris,,0,Modelo,iPhone 14 Plus,,0
2074,variation,,,"Funda con marco de metal transparente magsafe - Gris, iPhone 15",1,0,visible,,,,,taxable,parent,1,0,,0,0,,,,,0,,249,299,,,,,,,IUKU0002,,,,,,41,,Color,Gris,,0,Modelo,iPhone 15,,0
2075,variation,,,"Funda con marco de metal transparente magsafe - Gris, iPhone 15 Pro",1,0,visible,,,,,taxable,parent,1,8,,0,0,,,,,0,,249,299,,,,,,,IUKU0002,,,,,,42,,Color,Gris,,0,Modelo,iPhone 15 Pro,,0
2076,variation,,,"Funda con marco de metal transparente magsafe - Gris, iPhone 15 Pro Max",1,0,visible,,,,,taxable,parent,1,8,,0,0,,,,,0,,249,299,,,,,,,IUKU0002,,,,,,43,,Color,Gris,,0,Modelo,iPhone 15 Pro Max,,0
2077,variation,,,"Funda con marco de metal transparente magsafe - Gris, iPhone 15 Plus",1,0,visible,,,,,taxable,parent,1,1,,0,0,,,,,0,,249,299,,,,,,,IUKU0002,,,,,,44,,Color,Gris,,0,Modelo,iPhone 15 Plus,,0
2078,variation,,,"Funda con marco de metal transparente magsafe - Gris, iPhone 16",1,0,visible,,,,,taxable,parent,1,0,,0,0,,,,,0,,249,299,,,,,,,IUKU0002,,,,,,45,,Color,Gris,,0,Modelo,iPhone 16,,0
2079,variation,,,"Funda con marco de metal transparente magsafe - Gris, iPhone 16 Pro",1,0,visible,,,,,taxable,parent,1,4,,0,0,,,,,0,,249,299,,,,,,,IUKU0002,,,,,,46,,Color,Gris,,0,Modelo,iPhone 16 Pro,,0
2080,variation,,,"Funda con marco de metal transparente magsafe - Gris, iPhone 16 Pro Max",1,0,visible,,,,,taxable,parent,1,4,,0,0,,,,,0,,249,299,,,,,,,IUKU0002,,,,,,47,,Color,Gris,,0,Modelo,iPhone 16 Pro Max,,0
2081,variation,,,"Funda con marco de metal transparente magsafe - Gris, iPhone 16 Plus",1,0,visible,,,,,taxable,parent,1,1,,0,0,,,,,0,,249,299,,,,,,,IUKU0002,,,,,,48,,Color,Gris,,0,Modelo,iPhone 16 Plus,,0
2083,variation,,,"Funda mate translúcida MagSafe - Negro, iPhone 12 / 12 Pro",1,0,visible,,,,,taxable,parent,1,2,,0,0,,,,,0,,219,279,,,,,,,IUKU0003,,,,,,1,,Color,Negro,,0,Modelo,iPhone 12 / 12 Pro,,0
2084,variation,,,"Funda mate translúcida MagSafe - Negro, iPhone 12 Pro Max",1,0,visible,,,,,taxable,parent,1,2,,0,0,,,,,0,,219,279,,,,,,,IUKU0003,,,,,,2,,Color,Negro,,0,Modelo,iPhone 12 Pro Max,,0
2085,variation,,,"Funda mate translúcida MagSafe - Negro, iPhone 13 / 14",1,0,visible,,,,,taxable,parent,1,4,,0,0,,,,,0,,219,279,,,,,,,IUKU0003,,,,,,3,,Color,Negro,,0,Modelo,iPhone 13 / 14,,0
2086,variation,,,"Funda mate translúcida MagSafe - Negro, iPhone 13 Pro",1,0,visible,,,,,taxable,parent,1,6,,0,0,,,,,0,,219,279,,,,,,,IUKU0003,,,,,,4,,Color,Negro,,0,Modelo,iPhone 13 Pro,,0
2087,variation,,,"Funda mate translúcida MagSafe - Negro, iPhone 13 Pro Max",1,0,visible,,,,,taxable,parent,1,1,,0,0,,,,,0,,219,279,,,,,,,IUKU0003,,,,,,5,,Color,Negro,,0,Modelo,iPhone 13 Pro Max,,0
2088,variation,,,"Funda mate translúcida MagSafe - Negro, iPhone 14 Pro",1,0,visible,,,,,taxable,parent,1,2,,0,0,,,,,0,,219,279,,,,,,,IUKU0003,,,,,,6,,Color,Negro,,0,Modelo,iPhone 14 Pro,,0
2089,variation,,,"Funda mate translúcida MagSafe - Negro, iPhone 14 Pro Max",1,0,visible,,,,,taxable,parent,1,4,,0,0,,,,,0,,219,279,,,,,,,IUKU0003,,,,,,7,,Color,Negro,,0,Modelo,iPhone 14 Pro Max,,0
2090,variation,,,"Funda mate translúcida MagSafe - Negro, iPhone 14 Plus",1,0,visible,,,,,taxable,parent,1,2,,0,0,,,,,0,,219,279,,,,,,,IUKU0003,,,,,,8,,Color,Negro,,0,Modelo,iPhone 14 Plus,,0
2091,variation,,,"Funda mate translúcida MagSafe - Negro, iPhone 15",1,0,visible,,,,,taxable,parent,1,2,,0,0,,,,,0,,219,279,,,,,,,IUKU0003,,,,,,9,,Color,Negro,,0,Modelo,iPhone 15,,0
2092,variation,,,"Funda mate translúcida MagSafe - Negro, iPhone 15 Pro",1,0,visible,,,,,taxable,parent,1,2,,0,0,,,,,0,,219,279,,,,,,,IUKU0003,,,,,,10,,Color,Negro,,0,Modelo,iPhone 15 Pro,,0
2093,variation,,,"Funda mate translúcida MagSafe - Negro, iPhone 15 Pro Max",1,0,visible,,,,,taxable,parent,1,3,,0,0,,,,,0,,219,279,,,,,,,IUKU0003,,,,,,11,,Color,Negro,,0,Modelo,iPhone 15 Pro Max,,0
2094,variation,,,"Funda mate translúcida MagSafe - Negro, iPhone 15 Plus",1,0,visible,,,,,taxable,parent,1,2,,0,0,,,,,0,,219,279,,,,,,,IUKU0003,,,,,,12,,Color,Negro,,0,Modelo,iPhone 15 Plus,,0
2095,variation,,,"Funda mate translúcida MagSafe - Negro, iPhone 16",1,0,visible,,,,,taxable,parent,1,2,,0,0,,,,,0,,219,279,,,,,,,IUKU0003,,,,,,13,,Color,Negro,,0,Modelo,iPhone 16,,0
2096,variation,,,"Funda mate translúcida MagSafe - Negro, iPhone 16 Pro",1,0,visible,,,,,taxable,parent,1,2,,0,0,,,,,0,,219,279,,,,,,,IUKU0003,,,,,,14,,Color,Negro,,0,Modelo,iPhone 16 Pro,,0
2097,variation,,,"Funda mate translúcida MagSafe - Negro, iPhone 16 Pro Max",1,0,visible,,,,,taxable,parent,1,2,,0,0,,,,,0,,219,279,,,,,,,IUKU0003,,,,,,15,,Color,Negro,,0,Modelo,iPhone 16 Pro Max,,0
2098,variation,,,"Funda mate translúcida MagSafe - Negro, iPhone 16 Plus",1,0,visible,,,,,taxable,parent,1,1,,0,0,,,,,0,,219,279,,,,,,,IUKU0003,,,,,,16,,Color,Negro,,0,Modelo,iPhone 16 Plus,,0
2099,variation,,,"Funda mate translúcida MagSafe - Gris, iPhone 12 / 12 Pro",1,0,visible,,,,,taxable,parent,1,2,,0,0,,,,,0,,219,279,,,,,,,IUKU0003,,,,,,17,,Color,Gris,,0,Modelo,iPhone 12 / 12 Pro,,0
2100,variation,,,"Funda mate translúcida MagSafe - Gris, iPhone 12 Pro Max",1,0,visible,,,,,taxable,parent,1,2,,0,0,,,,,0,,219,279,,,,,,,IUKU0003,,,,,,18,,Color,Gris,,0,Modelo,iPhone 12 Pro Max,,0
2101,variation,,,"Funda mate translúcida MagSafe - Gris, iPhone 14 Pro Max",1,0,visible,,,,,taxable,parent,1,3,,0,0,,,,,0,,219,279,,,,,,,IUKU0003,,,,,,19,,Color,Gris,,0,Modelo,iPhone 14 Pro Max,,0
2102,variation,,,"Funda mate translúcida MagSafe - Gris, iPhone 15 Pro",1,0,visible,,,,,taxable,parent,1,3,,0,0,,,,,0,,219,279,,,,,,,IUKU0003,,,,,,20,,Color,Gris,,0,Modelo,iPhone 15 Pro,,0
2103,variation,,,"Funda mate translúcida MagSafe - Gris, iPhone 15 Pro Max",1,0,visible,,,,,taxable,parent,1,3,,0,0,,,,,0,,219,279,,,,,,,IUKU0003,,,,,,21,,Color,Gris,,0,Modelo,iPhone 15 Pro Max,,0
2104,variation,,,"Funda mate translúcida MagSafe - Gris, iPhone 16",1,0,visible,,,,,taxable,parent,1,2,,0,0,,,,,0,,219,279,,,,,,,IUKU0003,,,,,,22,,Color,Gris,,0,Modelo,iPhone 16,,0
2105,variation,,,"Funda mate translúcida MagSafe - Gris, iPhone 16 Pro",1,0,visible,,,,,taxable,parent,1,3,,0,0,,,,,0,,219,279,,,,,,,IUKU0003,,,,,,23,,Color,Gris,,0,Modelo,iPhone 16 Pro,,0
2106,variation,,,"Funda mate translúcida MagSafe - Gris, iPhone 16 Pro Max",1,0,visible,,,,,taxable,parent,1,3,,0,0,,,,,0,,219,279,,,,,,,IUKU0003,,,,,,24,,Color,Gris,,0,Modelo,iPhone 16 Pro Max,,0
2107,variation,,,"Funda mate translúcida MagSafe - Azul, iPhone 12 / 12 Pro",1,0,visible,,,,,taxable,parent,1,1,,0,0,,,,,0,,219,279,,,,,,,IUKU0003,,,,,,25,,Color,Azul,,0,Modelo,iPhone 12 / 12 Pro,,0
2108,variation,,,"Funda mate translúcida MagSafe - Azul, iPhone 12 Pro Max",1,0,visible,,,,,taxable,parent,1,1,,0,0,,,,,0,,219,279,,,,,,,IUKU0003,,,,,,26,,Color,Azul,,0,Modelo,iPhone 12 Pro Max,,0
2109,variation,,,"Funda mate translúcida MagSafe - Azul, iPhone 13 Pro",1,0,visible,,,,,taxable,parent,1,1,,0,0,,,,,0,,219,279,,,,,,,IUKU0003,,,,,,27,,Color,Azul,,0,Modelo,iPhone 13 Pro,,0
2110,variation,,,"Funda mate translúcida MagSafe - Azul, iPhone 16",1,0,visible,,,,,taxable,parent,1,3,,0,0,,,,,0,,219,279,,,,,,,IUKU0003,,,,,,28,,Color,Azul,,0,Modelo,iPhone 16,,0
2111,variation,,,"Funda mate translúcida MagSafe - Rosa, iPhone 12 / 12 Pro",1,0,visible,,,,,taxable,parent,1,1,,0,0,,,,,0,,219,279,,,,,,,IUKU0003,,,,,,29,,Color,Rosa,,0,Modelo,iPhone 12 / 12 Pro,,0
2112,variation,,,"Funda mate translúcida MagSafe - Rosa, iPhone 13 / 14",1,0,visible,,,,,taxable,parent,1,0,,0,0,,,,,0,,219,279,,,,,,,IUKU0003,,,,,,30,,Color,Rosa,,0,Modelo,iPhone 13 / 14,,0
2113,variation,,,"Funda mate translúcida MagSafe - Rosa, iPhone 14 Plus",1,0,visible,,,,,taxable,parent,1,1,,0,0,,,,,0,,219,279,,,,,,,IUKU0003,,,,,,31,,Color,Rosa,,0,Modelo,iPhone 14 Plus,,0
2114,variation,,,"Funda mate translúcida MagSafe - Rosa, iPhone 15",1,0,visible,,,,,taxable,parent,1,2,,0,0,,,,,0,,219,279,,,,,,,IUKU0003,,,,,,32,,Color,Rosa,,0,Modelo,iPhone 15,,0
2115,variation,,,"Funda mate translúcida MagSafe - Rosa, iPhone 15 Plus",1,0,visible,,,,,taxable,parent,1,2,,0,0,,,,,0,,219,279,,,,,,,IUKU0003,,,,,,33,,Color,Rosa,,0,Modelo,iPhone 15 Plus,,0
2116,variation,,,"Funda mate translúcida MagSafe - Rosa, iPhone 16",1,0,visible,,,,,taxable,parent,1,3,,0,0,,,,,0,,219,279,,,,,,,IUKU0003,,,,,,34,,Color,Rosa,,0,Modelo,iPhone 16,,0
2117,variation,,,"Funda mate translúcida MagSafe - Rosa, iPhone 16 Plus",1,0,visible,,,,,taxable,parent,1,2,,0,0,,,,,0,,219,279,,,,,,,IUKU0003,,,,,,35,,Color,Rosa,,0,Modelo,iPhone 16 Plus,,0
2119,variation,,,"Funda con soporte de anillo MagSafe mate - Negro, iPhone 12 / 12 Pro",1,0,visible,,,,,taxable,parent,1,2,,0,0,,,,,0,,249,299,,,, ,,,IUKU0004,,,,,,1,,Color,Negro,,0,Modelo,iPhone 12 / 12 Pro,,0
2120,variation,,,"Funda con soporte de anillo MagSafe mate - Negro, iPhone 12 Pro Max",1,0,visible,,,,,taxable,parent,1,2,,0,0,,,,,0,,249,299,,,,,,,IUKU0004,,,,,,2,,Color,Negro,,0,Modelo,iPhone 12 Pro Max,,0
2121,variation,,,"Funda con soporte de anillo MagSafe mate - Negro, iPhone 13 / 14",1,0,visible,,,,,taxable,parent,1,3,,0,0,,,,,0,,249,299,,,,,,,IUKU0004,,,,,,3,,Color,Negro,,0,Modelo,iPhone 13 / 14,,0
2122,variation,,,"Funda con soporte de anillo MagSafe mate - Negro, iPhone 13 Pro",1,0,visible,,,,,taxable,parent,1,2,,0,0,,,,,0,,249,299,,,,,,,IUKU0004,,,,,,4,,Color,Negro,,0,Modelo,iPhone 13 Pro,,0
2123,variation,,,"Funda con soporte de anillo MagSafe mate - Negro, iPhone 13 Pro Max",1,0,visible,,,,,taxable,parent,1,2,,0,0,,,,,0,,249,299,,,,,,,IUKU0004,,,,,,5,,Color,Negro,,0,Modelo,iPhone 13 Pro Max,,0
2124,variation,,,"Funda con soporte de anillo MagSafe mate - Negro, iPhone 14 Pro",1,0,visible,,,,,taxable,parent,1,2,,0,0,,,,,0,,249,299,,,,,,,IUKU0004,,,,,,6,,Color,Negro,,0,Modelo,iPhone 14 Pro,,0
2125,variation,,,"Funda con soporte de anillo MagSafe mate - Negro, iPhone 14 Pro Max",1,0,visible,,,,,taxable,parent,1,3,,0,0,,,,,0,,249,299,,,,,,,IUKU0004,,,,,,7,,Color,Negro,,0,Modelo,iPhone 14 Pro Max,,0
2126,variation,,,"Funda con soporte de anillo MagSafe mate - Negro, iPhone 14 Plus",1,0,visible,,,,,taxable,parent,1,2,,0,0,,,,,0,,249,299,,,,,,,IUKU0004,,,,,,8,,Color,Negro,,0,Modelo,iPhone 14 Plus,,0
2127,variation,,,"Funda con soporte de anillo MagSafe mate - Negro, iPhone 15",1,0,visible,,,,,taxable,parent,1,2,,0,0,,,,,0,,249,299,,,,,,,IUKU0004,,,,,,9,,Color,Negro,,0,Modelo,iPhone 15,,0
2128,variation,,,"Funda con soporte de anillo MagSafe mate - Negro, iPhone 15 Pro",1,0,visible,,,,,taxable,parent,1,2,,0,0,,,,,0,,249,299,,,,,,,IUKU0004,,,,,,10,,Color,Negro,,0,Modelo,iPhone 15 Pro,,0
2129,variation,,,"Funda con soporte de anillo MagSafe mate - Negro, iPhone 15 Pro Max",1,0,visible,,,,,taxable,parent,1,2,,0,0,,,,,0,,249,299,,,,,,,IUKU0004,,,,,,11,,Color,Negro,,0,Modelo,iPhone 15 Pro Max,,0
2130,variation,,,"Funda con soporte de anillo MagSafe mate - Negro, iPhone 15 Plus",1,0,visible,,,,,taxable,parent,1,2,,0,0,,,,,0,,249,299,,,,,,,IUKU0004,,,,,,12,,Color,Negro,,0,Modelo,iPhone 15 Plus,,0
2131,variation,,,"Funda con soporte de anillo MagSafe mate - Negro, iPhone 16",1,0,visible,,,,,taxable,parent,1,2,,0,0,,,,,0,,249,299,,,,,,,IUKU0004,,,,,,13,,Color,Negro,,0,Modelo,iPhone 16,,0
2132,variation,,,"Funda con soporte de anillo MagSafe mate - Negro, iPhone 16 Pro",1,0,visible,,,,,taxable,parent,1,1,,0,0,,,,,0,,249,299,,,,,,,IUKU0004,,,,,,14,,Color,Negro,,0,Modelo,iPhone 16 Pro,,0
2133,variation,,,"Funda con soporte de anillo MagSafe mate - Negro, iPhone 16 Pro Max",1,0,visible,,,,,taxable,parent,1,3,,0,0,,,,,0,,249,299,,,,,,,IUKU0004,,,,,,15,,Color,Negro,,0,Modelo,iPhone 16 Pro Max,,0
2134,variation,,,"Funda con soporte de anillo MagSafe mate - Negro, iPhone 16 Plus",1,0,visible,,,,,taxable,parent,1,2,,0,0,,,,,0,,249,299,,,,,,,IUKU0004,,,,,,16,,Color,Negro,,0,Modelo,iPhone 16 Plus,,0
2135,variation,,,"Funda con soporte de anillo MagSafe mate - Gris, iPhone 12 / 12 Pro",1,0,visible,,,,,taxable,parent,1,2,,0,0,,,,,0,,249,299,,,,,,,IUKU0004,,,,,,17,,Color,Gris,,0,Modelo,iPhone 12 / 12 Pro,,0
2136,variation,,,"Funda con soporte de anillo MagSafe mate - Gris, iPhone 13 Pro",1,0,visible,,,,,taxable,parent,1,2,,0,0,,,,,0,,249,299,,,,,,,IUKU0004,,,,,,18,,Color,Gris,,0,Modelo,iPhone 13 Pro,,0
2137,variation,,,"Funda con soporte de anillo MagSafe mate - Gris, iPhone 15 Pro",1,0,visible,,,,,taxable,parent,1,2,,0,0,,,,,0,,249,299,,,,,,,IUKU0004,,,,,,19,,Color,Gris,,0,Modelo,iPhone 15 Pro,,0
2138,variation,,,"Funda con soporte de anillo MagSafe mate - Gris, iPhone 15 Pro Max",1,0,visible,,,,,taxable,parent,1,1,,0,0,,,,,0,,249,299,,,,,,,IUKU0004,,,,,,20,,Color,Gris,,0,Modelo,iPhone 15 Pro Max,,0
2139,variation,,,"Funda con soporte de anillo MagSafe mate - Gris, iPhone 16",1,0,visible,,,,,taxable,parent,1,2,,0,0,,,,,0,,249,299,,,,,,,IUKU0004,,,,,,21,,Color,Gris,,0,Modelo,iPhone 16,,0
2140,variation,,,"Funda con soporte de anillo MagSafe mate - Gris, iPhone 16 Pro",1,0,visible,,,,,taxable,parent,1,2,,0,0,,,,,0,,249,299,,,,,,,IUKU0004,,,,,,22,,Color,Gris,,0,Modelo,iPhone 16 Pro,,0
2141,variation,,,"Funda con soporte de anillo MagSafe mate - Gris, iPhone 16 Pro Max",1,0,visible,,,,,taxable,parent,1,3,,0,0,,,,,0,,249,299,,,,,,,IUKU0004,,,,,,23,,Color,Gris,,0,Modelo,iPhone 16 Pro Max,,0
2142,variation,,,"Funda con soporte de anillo MagSafe mate - Gold, iPhone 14 Pro",1,0,visible,,,,,taxable,parent,1,3,,0,0,,,,,0,,249,299,,,,,,,IUKU0004,,,,,,24,,Color,Gold,,0,Modelo,iPhone 14 Pro,,0
2143,variation,,,"Funda con soporte de anillo MagSafe mate - Gold, iPhone 14 Pro Max",1,0,visible,,,,,taxable,parent,1,2,,0,0,,,,,0,,249,299,,,,,,,IUKU0004,,,,,,25,,Color,Gold,,0,Modelo,iPhone 14 Pro Max,,0
2144,variation,,,"Funda con soporte de anillo MagSafe mate - Gold, iPhone 15 Pro",1,0,visible,,,,,taxable,parent,1,3,,0,0,,,,,0,,249,299,,,,,,,IUKU0004,,,,,,26,,Color,Gold,,0,Modelo,iPhone 15 Pro,,0
2145,variation,,,"Funda con soporte de anillo MagSafe mate - Gold, iPhone 15 Pro Max",1,0,visible,,,,,taxable,parent,1,1,,0,0,,,,,0,,249,299,,,,,,,IUKU0004,,,,,,27,,Color,Gold,,0,Modelo,iPhone 15 Pro Max,,0
2146,variation,,,"Funda con soporte de anillo MagSafe mate - Gold, iPhone 16 Pro",1,0,visible,,,,,taxable,parent,1,3,,0,0,,,,,0,,249,299,,,,,,,IUKU0004,,,,,,28,,Color,Gold,,0,Modelo,iPhone 16 Pro,,0
2147,variation,,,"Funda con soporte de anillo MagSafe mate - Gold, iPhone 16 Pro Max",1,0,visible,,,,,taxable,parent,1,2,,0,0,,,,,0,,249,299,,,,,,,IUKU0004,,,,,,29,,Color,Gold,,0,Modelo,iPhone 16 Pro Max,,0
2149,variation,,,Mica de cristal templado acabado mate - iPhone 12,1,0,visible,,,,,taxable,parent,1,6,,0,0,,,,,0,,99,149,,,,,,,IUKU0005,,,,,,1,,Modelo,iPhone 12,,0,,,,
2150,variation,,,Mica de cristal templado acabado mate - iPhone 12 Pro,1,0,visible,,,,,taxable,parent,1,4,,0,0,,,,,0,,99,149,,,,,,,IUKU0005,,,,,,2,,Modelo,iPhone 12 Pro,,0,,,,
2151,variation,,,Mica de cristal templado acabado mate - iPhone 12 Pro Max,1,0,visible,,,,,taxable,parent,1,2,,0,0,,,,,0,,99,149,,,,,,,IUKU0005,,,,,,3,,Modelo,iPhone 12 Pro Max,,0,,,,
2152,variation,,,Mica de cristal templado acabado mate - iPhone 13,1,0,visible,,,,,taxable,parent,1,6,,0,0,,,,,0,,99,149,,,,,,,IUKU0005,,,,,,4,,Modelo,iPhone 13,,0,,,,
2153,variation,,,Mica de cristal templado acabado mate - iPhone 13 Pro,1,0,visible,,,,,taxable,parent,1,3,,0,0,,,,,0,,99,149,,,,,,,IUKU0005,,,,,,5,,Modelo,iPhone 13 Pro,,0,,,,
2154,variation,,,Mica de cristal templado acabado mate - iPhone 13 Pro Max,1,0,visible,,,,,taxable,parent,1,3,,0,0,,,,,0,,99,149,,,,,,,IUKU0005,,,,,,6,,Modelo,iPhone 13 Pro Max,,0,,,,
2155,variation,,,Mica de cristal templado acabado mate - iPhone 14,1,0,visible,,,,,taxable,parent,1,3,,0,0,,,,,0,,99,149,,,,,,,IUKU0005,,,,,,7,,Modelo,iPhone 14,,0,,,,
2156,variation,,,Mica de cristal templado acabado mate - iPhone 14 Pro,1,0,visible,,,,,taxable,parent,1,4,,0,0,,,,,0,,99,149,,,,,,,IUKU0005,,,,,,8,,Modelo,iPhone 14 Pro,,0,,,,
2157,variation,,,Mica de cristal templado acabado mate - iPhone 14 Pro Max,1,0,visible,,,,,taxable,parent,1,6,,0,0,,,,,0,,99,149,,,,,,,IUKU0005,,,,,,9,,Modelo,iPhone 14 Pro Max,,0,,,,
2158,variation,,,Mica de cristal templado acabado mate - iPhone 14 Plus,1,0,visible,,,,,taxable,parent,1,3,,0,0,,,,,0,,99,149,,,,,,,IUKU0005,,,,,,10,,Modelo,iPhone 14 Plus,,0,,,,
2159,variation,,,Mica de cristal templado acabado mate - iPhone 15,1,0,visible,,,,,taxable,parent,1,3,,0,0,,,,,0,,99,149,,,,,,,IUKU0005,,,,,,11,,Modelo,iPhone 15,,0,,,,
2160,variation,,,Mica de cristal templado acabado mate - iPhone 15 Pro,1,0,visible,,,,,taxable,parent,1,2,,0,0,,,,,0,,99,149,,,,,,,IUKU0005,,,,,,12,,Modelo,iPhone 15 Pro,,0,,,,
2161,variation,,,Mica de cristal templado acabado mate - iPhone 15 Pro Max,1,0,visible,,,,,taxable,parent,1,0,,0,0,,,,,0,,99,149,,,,,,,IUKU0005,,,,,,13,,Modelo,iPhone 15 Pro Max,,0,,,,
2162,variation,,,Mica de cristal templado acabado mate - iPhone 15 Plus,1,0,visible,,,,,taxable,parent,1,3,,0,0,,,,,0,,99,149,,,,,,,IUKU0005,,,,,,14,,Modelo,iPhone 15 Plus,,0,,,,
2163,variation,,,Mica de cristal templado acabado mate - iPhone 16,1,0,visible,,,,,taxable,parent,1,2,,0,0,,,,,0,,99,149,,,,,,,IUKU0005,,,,,,15,,Modelo,iPhone 16,,0,,,,
2164,variation,,,Mica de cristal templado acabado mate - iPhone 16 Pro,1,0,visible,,,,,taxable,parent,1,3,,0,0,,,,,0,,99,149,,,,,,,IUKU0005,,,,,,16,,Modelo,iPhone 16 Pro,,0,,,,
2165,variation,,,Mica de cristal templado acabado mate - iPhone 16 Pro Max,1,0,visible,,,,,taxable,parent,1,5,,0,0,,,,,0,,99,149,,,,,,,IUKU0005,,,,,,17,,Modelo,iPhone 16 Pro Max,,0,,,,
2166,variation,,,Mica de cristal templado acabado mate - iPhone 16 Plus,1,0,visible,,,,,taxable,parent,1,2,,0,0,,,,,0,,99,149,,,,,,,IUKU0005,,,,,,18,,Modelo,iPhone 16 Plus,,0,,,,
2168,variation,,,Mica de cristal templado con filtro de privacidad - iPhone 12,1,0,visible,,,,,taxable,parent,1,4,,0,0,,,,,0,,149,199,,,,,,,IUKU0006,,,,,,1,,Modelo,iPhone 12,,0,,,,
2169,variation,,,Mica de cristal templado con filtro de privacidad - iPhone 12 Pro,1,0,visible,,,,,taxable,parent,1,5,,0,0,,,,,0,,149,199,,,,,,,IUKU0006,,,,,,2,,Modelo,iPhone 12 Pro,,0,,,,
2170,variation,,,Mica de cristal templado con filtro de privacidad - iPhone 12 Pro Max,1,0,visible,,,,,taxable,parent,1,5,,0,0,,,,,0,,149,199,,,,,,,IUKU0006,,,,,,3,,Modelo,iPhone 12 Pro Max,,0,,,,
2171,variation,,,Mica de cristal templado con filtro de privacidad - iPhone 13,1,0,visible,,,,,taxable,parent,1,5,,0,0,,,,,0,,149,199,,,,,,,IUKU0006,,,,,,4,,Modelo,iPhone 13,,0,,,,
2172,variation,,,Mica de cristal templado con filtro de privacidad - iPhone 13 Pro,1,0,visible,,,,,taxable,parent,1,5,,0,0,,,,,0,,149,199,,,,,,,IUKU0006,,,,,,5,,Modelo,iPhone 13 Pro,,0,,,,
2173,variation,,,Mica de cristal templado con filtro de privacidad - iPhone 13 Pro Max,1,0,visible,,,,,taxable,parent,1,7,,0,0,,,,,0,,149,199,,,,,,,IUKU0006,,,,,,6,,Modelo,iPhone 13 Pro Max,,0,,,,
2174,variation,,,Mica de cristal templado con filtro de privacidad - iPhone 14,1,0,visible,,,,,taxable,parent,1,5,,0,0,,,,,0,,149,199,,,,,,,IUKU0006,,,,,,7,,Modelo,iPhone 14,,0,,,,
2175,variation,,,Mica de cristal templado con filtro de privacidad - iPhone 14 Pro,1,0,visible,,,,,taxable,parent,1,5,,0,0,,,,,0,,149,199,,,,,,,IUKU0006,,,,,,8,,Modelo,iPhone 14 Pro,,0,,,,
2176,variation,,,Mica de cristal templado con filtro de privacidad - iPhone 14 Pro Max,1,0,visible,,,,,taxable,parent,1,10,,0,0,,,,,0,,149,199,,,,,,,IUKU0006,,,,,,9,,Modelo,iPhone 14 Pro Max,,0,,,,
2177,variation,,,Mica de cristal templado con filtro de privacidad - iPhone 14 Plus,1,0,visible,,,,,taxable,parent,1,5,,0,0,,,,,0,,149,199,,,,,,,IUKU0006,,,,,,10,,Modelo,iPhone 14 Plus,,0,,,,
2178,variation,,,Mica de cristal templado con filtro de privacidad - iPhone 15,1,0,visible,,,,,taxable,parent,1,5,,0,0,,,,,0,,149,199,,,,,,,IUKU0006,,,,,,11,,Modelo,iPhone 15,,0,,,,
2179,variation,,,Mica de cristal templado con filtro de privacidad - iPhone 15 Pro,1,0,visible,,,,,taxable,parent,1,5,,0,0,,,,,0,,149,199,,,,,,,IUKU0006,,,,,,12,,Modelo,iPhone 15 Pro,,0,,,,
2180,variation,,,Mica de cristal templado con filtro de privacidad - iPhone 15 Pro Max,1,0,visible,,,,,taxable,parent,1,10,,0,0,,,,,0,,149,199,,,,,,,IUKU0006,,,,,,13,,Modelo,iPhone 15 Pro Max,,0,,,,
2181,variation,,,Mica de cristal templado con filtro de privacidad - iPhone 15 Plus,1,0,visible,,,,,taxable,parent,1,5,,0,0,,,,,0,,149,199,,,,,,,IUKU0006,,,,,,14,,Modelo,iPhone 15 Plus,,0,,,,
2182,variation,,,Mica de cristal templado con filtro de privacidad - iPhone 16,1,0,visible,,,,,taxable,parent,1,3,,0,0,,,,,0,,149,199,,,,,,,IUKU0006,,,,,,15,,Modelo,iPhone 16,,0,,,,
2183,variation,,,Mica de cristal templado con filtro de privacidad - iPhone 16 Pro,1,0,visible,,,,,taxable,parent,1,5,,0,0,,,,,0,,149,199,,,,,,,IUKU0006,,,,,,16,,Modelo,iPhone 16 Pro,,0,,,,
2184,variation,,,Mica de cristal templado con filtro de privacidad - iPhone 16 Pro Max,1,0,visible,,,,,taxable,parent,1,8,,0,0,,,,,0,,149,199,,,,,,,IUKU0006,,,,,,17,,Modelo,iPhone 16 Pro Max,,0,,,,
2185,variation,,,Mica de cristal templado con filtro de privacidad - iPhone 16 Plus,1,0,visible,,,,,taxable,parent,1,5,,0,0,,,,,0,,149,199,,,,,,,IUKU0006,,,,,,18,,Modelo,iPhone 16 Plus,,0,,,,
2187,variation,,,Mica de cristal templado 9D transparente - iPhone 12,1,0,visible,,,,,taxable,parent,1,1,,0,0,,,,,0,,99,149,,,,,,,IUKU0007,,,,,,1,,Modelo,iPhone 12,,0,,,,
2188,variation,,,Mica de cristal templado 9D transparente - iPhone 12 Pro,1,0,visible,,,,,taxable,parent,1,5,,0,0,,,,,0,,99,149,,,,,,,IUKU0007,,,,,,2,,Modelo,iPhone 12 Pro,,0,,,,
2189,variation,,,Mica de cristal templado 9D transparente - iPhone 12 Pro Max,1,0,visible,,,,,taxable,parent,1,5,,0,0,,,,,0,,99,149,,,,,,,IUKU0007,,,,,,3,,Modelo,iPhone 12 Pro Max,,0,,,,
2190,variation,,,Mica de cristal templado 9D transparente - iPhone 13,1,0,visible,,,,,taxable,parent,1,5,,0,0,,,,,0,,99,149,,,,,,,IUKU0007,,,,,,4,,Modelo,iPhone 13,,0,,,,
2191,variation,,,Mica de cristal templado 9D transparente - iPhone 13 Pro,1,0,visible,,,,,taxable,parent,1,5,,0,0,,,,,0,,99,149,,,,,,,IUKU0007,,,,,,5,,Modelo,iPhone 13 Pro,,0,,,,
2192,variation,,,Mica de cristal templado 9D transparente - iPhone 13 Pro Max,1,0,visible,,,,,taxable,parent,1,5,,0,0,,,,,0,,99,149,,,,,,,IUKU0007,,,,,,6,,Modelo,iPhone 13 Pro Max,,0,,,,
2193,variation,,,Mica de cristal templado 9D transparente - iPhone 14,1,0,visible,,,,,taxable,parent,1,5,,0,0,,,,,0,,99,149,,,,,,,IUKU0007,,,,,,7,,Modelo,iPhone 14,,0,,,,
2194,variation,,,Mica de cristal templado 9D transparente - iPhone 14 Pro,1,0,visible,,,,,taxable,parent,1,5,,0,0,,,,,0,,99,149,,,,,,,IUKU0007,,,,,,8,,Modelo,iPhone 14 Pro,,0,,,,
2195,variation,,,Mica de cristal templado 9D transparente - iPhone 14 Pro Max,1,0,visible,,,,,taxable,parent,1,5,,0,0,,,,,0,,99,149,,,,,,,IUKU0007,,,,,,9,,Modelo,iPhone 14 Pro Max,,0,,,,
2196,variation,,,Mica de cristal templado 9D transparente - iPhone 14 Plus,1,0,visible,,,,,taxable,parent,1,5,,0,0,,,,,0,,99,149,,,,,,,IUKU0007,,,,,,10,,Modelo,iPhone 14 Plus,,0,,,,
2197,variation,,,Mica de cristal templado 9D transparente - iPhone 15,1,0,visible,,,,,taxable,parent,1,5,,0,0,,,,,0,,99,149,,,,,,,IUKU0007,,,,,,11,,Modelo,iPhone 15,,0,,,,
2198,variation,,,Mica de cristal templado 9D transparente - iPhone 15 Pro,1,0,visible,,,,,taxable,parent,1,6,,0,0,,,,,0,,99,149,,,,,,,IUKU0007,,,,,,12,,Modelo,iPhone 15 Pro,,0,,,,
2199,variation,,,Mica de cristal templado 9D transparente - iPhone 15 Pro Max,1,0,visible,,,,,taxable,parent,1,4,,0,0,,,,,0,,99,149,,,,,,,IUKU0007,,,,,,13,,Modelo,iPhone 15 Pro Max,,0,,,,
2200,variation,,,Mica de cristal templado 9D transparente - iPhone 15 Plus,1,0,visible,,,,,taxable,parent,1,5,,0,0,,,,,0,,99,149,,,,,,,IUKU0007,,,,,,14,,Modelo,iPhone 15 Plus,,0,,,,
2201,variation,,,Mica de cristal templado 9D transparente - iPhone 16,1,0,visible,,,,,taxable,parent,1,8,,0,0,,,,,0,,99,149,,,,,,,IUKU0007,,,,,,15,,Modelo,iPhone 16,,0,,,,
2202,variation,,,Mica de cristal templado 9D transparente - iPhone 16 Pro,1,0,visible,,,,,taxable,parent,1,8,,0,0,,,,,0,,99,149,,,,,,,IUKU0007,,,,,,16,,Modelo,iPhone 16 Pro,,0,,,,
2203,variation,,,Mica de cristal templado 9D transparente - iPhone 16 Pro Max,1,0,visible,,,,,taxable,parent,1,4,,0,0,,,,,0,,99,149,,,,,,,IUKU0007,,,,,,17,,Modelo,iPhone 16 Pro Max,,0,,,,
2204,variation,,,Mica de cristal templado 9D transparente - iPhone 16 Plus,1,0,visible,,,,,taxable,parent,1,4,,0,0,,,,,0,,99,149,,,,,,,IUKU0007,,,,,,18,,Modelo,iPhone 16 Plus,,0,,,,
2206,variation,,,Protector de cristal templado para módulo de cámara - iPhone 12,1,0,visible,,,,,taxable,parent,1,,,0,0,,,,,0,,99,149,,,,,,,IUKU0008,,,,,,1,,Modelo,iPhone 12,,0,,,,
2207,variation,,,Protector de cristal templado para módulo de cámara - iPhone 12 Pro / 12 Pro Max,1,0,visible,,,,,taxable,parent,1,,,0,0,,,,,0,,99,149,,,,,,,IUKU0008,,,,,,2,,Modelo,iPhone 12 Pro / 12 Pro Max,,0,,,,
2208,variation,,,Protector de cristal templado para módulo de cámara - iPhone 13,1,0,visible,,,,,taxable,parent,1,,,0,0,,,,,0,,99,149,,,,,,,IUKU0008,,,,,,3,,Modelo,iPhone 13,,0,,,,
2209,variation,,,Protector de cristal templado para módulo de cámara - iPhone 13 Pro / 13 Pro Max,1,0,visible,,,,,taxable,parent,1,,,0,0,,,,,0,,99,149,,,,,,,IUKU0008,,,,,,4,,Modelo,iPhone 13 Pro / 13 Pro Max,,0,,,,
2210,variation,,,Protector de cristal templado para módulo de cámara - iPhone 14 / 14 Plus,1,0,visible,,,,,taxable,parent,1,,,0,0,,,,,0,,99,149,,,,,,,IUKU0008,,,,,,5,,Modelo,iPhone 14 / 14 Plus,,0,,,,
2211,variation,,,Protector de cristal templado para módulo de cámara - iPhone 14 Pro,1,0,visible,,,,,taxable,parent,1,,,0,0,,,,,0,,99,149,,,,,,,IUKU0008,,,,,,6,,Modelo,iPhone 14 Pro,,0,,,,
2212,variation,,,Protector de cristal templado para módulo de cámara - iPhone 14 Pro Max,1,0,visible,,,,,taxable,parent,1,,,0,0,,,,,0,,99,149,,,,,,,IUKU0008,,,,,,7,,Modelo,iPhone 14 Pro Max,,0,,,,
2213,variation,,,Protector de cristal templado para módulo de cámara - iPhone 15 / 15 Plus,1,0,visible,,,,,taxable,parent,1,,,0,0,,,,,0,,99,149,,,,,,,IUKU0008,,,,,,8,,Modelo,iPhone 15 / 15 Plus,,0,,,,
2214,variation,,,Protector de cristal templado para módulo de cámara - iPhone 15 Pro,1,0,visible,,,,,taxable,parent,1,,,0,0,,,,,0,,99,149,,,,,,,IUKU0008,,,,,,9,,Modelo,iPhone 15 Pro,,0,,,,
2215,variation,,,Protector de cristal templado para módulo de cámara - iPhone 15 Pro Max,1,0,visible,,,,,taxable,parent,1,,,0,0,,,,,0,,99,149,,,,,,,IUKU0008,,,,,,10,,Modelo,iPhone 15 Pro Max,,0,,,,
2216,variation,,,Protector de cristal templado para módulo de cámara - iPhone 16,1,0,visible,,,,,taxable,parent,1,,,0,0,,,,,0,,99,149,,,,,,,IUKU0008,,,,,,11,,Modelo,iPhone 16,,0,,,,
2217,variation,,,Protector de cristal templado para módulo de cámara - iPhone 16 Pro,1,0,visible,,,,,taxable,parent,1,,,0,0,,,,,0,,99,149,,,,,,,IUKU0008,,,,,,12,,Modelo,iPhone 16 Pro,,0,,,,
2218,variation,,,Protector de cristal templado para módulo de cámara - iPhone 16 Pro Max,1,0,visible,,,,,taxable,parent,1,,,0,0,,,,,0,,99,149,,,,,,,IUKU0008,,,,,,13,,Modelo,iPhone 16 Pro Max,,0,,,,
2219,variation,,,Protector de cristal templado para módulo de cámara - iPhone 16 Plus,1,0,visible,,,,,taxable,parent,1,,,0,0,,,,,0,,99,149,,,,,,,IUKU0008,,,,,,14,,Modelo,iPhone 16 Plus,,0,,,,
2220,variation,,,,,,,,,,,,,,,,,,,,,,,,,,,,,,,,,,,,,,,,,,,,,,,
,variation,,,,,,,,,,,,,,,,,,,,,,,,,,,,,,,,,,,,,,,,,,,,,,,
,variation,,,,,,,,,,,,,,,,,,,,,,,,,,,,,,,,,,,,,,,,,,,,,,,
,variation,,,,,,,,,,,,,,,,,,,,,,,,,,,,,,,,,,,,,,,,,,,,,,,
,variation,,,,,,,,,,,,,,,,,,,,,,,,,,,,,,,,,,,,,,,,,,,,,,,