ID,Tipo,SKU,"GTIN, UPC, EAN, or ISBN",Nombre,Publicado,¿Está destacado?,Visibilidad en el catálogo,Descripción corta,Descripción,Día en que empieza el precio rebajado,Día en que termina el precio rebajado,Estado del impuesto,Clase de impuesto,¿En inventario?,Inventario,Cantidad de bajo inventario,¿Permitir reservas de productos agotados?,¿Vendido individualmente?,Peso (kg),Longitud (cm),Ancho (cm),Altura (cm),¿Permitir valoraciones de clientes?,Nota de compra,Precio rebajado,Precio normal,Categorías,Etiquetas,Clase de envío,Imágenes,Límite de descargas,Días de caducidad de la descarga,Superior,Productos agrupados,Ventas dirigidas,Ventas cruzadas,URL externa,Texto del botón,Posición,Brands,Nombre del atributo 1,Valor(es) del atributo 1,Atributo visible 1,Atributo global 1,Nombre del atributo 2,Valor(es) del atributo 2,Atributo visible 2,Atributo global 2
729,variable,,,Funda ultrafina mate magsafe translúcida rigida,1,0,visible,"Fabricada en plástico rígido ultradelgado con acabado mate traslúcido. Diseñado para permitir el paso de luz, revelando sutilmente los objetos detrás sin ser completamente transparente. Compatible con MagSafe; ideal para usar en oficina, salidas casuales; pensada para vestir elegante.",,,,taxable,,1,,,0,0,,,,,0,,,,FUNDA,,,https://iuku.store/wp-content/uploads/2025/02/IMG_6249-1.jpg,,,,,,,,,0,,Color,"Blanco, Negro",0,0,Modelo,"iPhone 12 / 12 Pro, iPhone 12 Pro Max, iPhone 13 / 14, iPhone 13 Pro, iPhone 13 Pro Max, iPhone 14 Pro, iPhone 14 Pro Max, iPhone 14 Plus, iPhone 15, iPhone 15 Pro, iPhone 15 Pro Max, iPhone 15 Plus, iPhone 16, iPhone 16 Pro, iPhone 16 Pro Max, iPhone 16 Plus",0,0
730,variation,,,"Funda ultrafina mate magsafe translúcida rigida - Blanco, iPhone 12 / 12 Pro",1,0,visible,,,,,taxable,parent,1,6,,0,0,,,,,0,,199,249,,,,,,,id:729,,,,,,1,,Color,Blanco,,0,Modelo,iPhone 12 / 12 Pro,,0
731,variation,,,"Funda ultrafina mate magsafe translúcida rigida - Blanco, iPhone 12 Pro Max",1,0,visible,,,,,taxable,parent,1,6,,0,0,,,,,0,,199,249,,,,,,,id:729,,,,,,2,,Color,Blanco,,0,Modelo,iPhone 12 Pro Max,,0
732,variation,,,"Funda ultrafina mate magsafe translúcida rigida - Blanco, iPhone 13 / 14",1,0,visible,,,,,taxable,parent,1,2,,0,0,,,,,0,,199,249,,,,,,,id:729,,,,,,3,,Color,Blanco,,0,Modelo,iPhone 13 / 14,,0
733,variation,,,"Funda ultrafina mate magsafe translúcida rigida - Blanco, iPhone 13 Pro",1,0,visible,,,,,taxable,parent,1,3,,0,0,,,,,0,,199,249,,,,,,,id:729,,,,,,4,,Color,Blanco,,0,Modelo,iPhone 13 Pro,,0
734,variation,,,"Funda ultrafina mate magsafe translúcida rigida - Blanco, iPhone 13 Pro Max",1,0,visible,,,,,taxable,parent,1,6,,0,0,,,,,0,,199,249,,,,,,,id:729,,,,,,5,,Color,Blanco,,0,Modelo,iPhone 13 Pro Max,,0
735,variation,,,"Funda ultrafina mate magsafe translúcida rigida - Blanco, iPhone 14 Pro",1,0,visible,,,,,taxable,parent,1,9,,0,0,,,,,0,,199,249,,,,,,,id:729,,,,,,6,,Color,Blanco,,0,Modelo,iPhone 14 Pro,,0
736,variation,,,"Funda ultrafina mate magsafe translúcida rigida - Blanco, iPhone 14 Pro Max",1,0,visible,,,,,taxable,parent,1,4,,0,0,,,,,0,,199,249,,,,,,,id:729,,,,,,7,,Color,Blanco,,0,Modelo,iPhone 14 Pro Max,,0
737,variation,,,"Funda ultrafina mate magsafe translúcida rigida - Blanco, iPhone 14 Plus",1,0,visible,,,,,taxable,parent,1,2,,0,0,,,,,0,,199,249,,,,,,,id:729,,,,,,8,,Color,Blanco,,0,Modelo,iPhone 14 Plus,,0
738,variation,,,"Funda ultrafina mate magsafe translúcida rigida - Blanco, iPhone 15",1,0,visible,,,,,taxable,parent,1,3,,0,0,,,,,0,,199,249,,,,,,,id:729,,,,,,9,,Color,Blanco,,0,Modelo,iPhone 15,,0
739,variation,,,"Funda ultrafina mate magsafe translúcida rigida - Blanco, iPhone 15 Pro",1,0,visible,,,,,taxable,parent,1,4,,0,0,,,,,0,,199,249,,,,,,,id:729,,,,,,10,,Color,Blanco,,0,Modelo,iPhone 15 Pro,,0
740,variation,,,"Funda ultrafina mate magsafe translúcida rigida - Blanco, iPhone 15 Pro Max",1,0,visible,,,,,taxable,parent,1,3,,0,0,,,,,0,,199,249,,,,,,,id:729,,,,,,11,,Color,Blanco,,0,Modelo,iPhone 15 Pro Max,,0
741,variation,,,"Funda ultrafina mate magsafe translúcida rigida - Blanco, iPhone 15 Plus",1,0,visible,,,,,taxable,parent,1,2,,0,0,,,,,0,,199,249,,,,,,,id:729,,,,,,12,,Color,Blanco,,0,Modelo,iPhone 15 Plus,,0
742,variation,,,"Funda ultrafina mate magsafe translúcida rigida - Blanco, iPhone 16",1,0,visible,,,,,taxable,parent,1,4,,0,0,,,,,0,,199,249,,,,,,,id:729,,,,,,13,,Color,Blanco,,0,Modelo,iPhone 16,,0
743,variation,,,"Funda ultrafina mate magsafe translúcida rigida - Blanco, iPhone 16 Pro",1,0,visible,,,,,taxable,parent,1,4,,0,0,,,,,0,,199,249,,,,,,,id:729,,,,,,14,,Color,Blanco,,0,Modelo,iPhone 16 Pro,,0
744,variation,,,"Funda ultrafina mate magsafe translúcida rigida - Blanco, iPhone 16 Pro Max",1,0,visible,,,,,taxable,parent,1,2,,0,0,,,,,0,,199,249,,,,,,,id:729,,,,,,15,,Color,Blanco,,0,Modelo,iPhone 16 Pro Max,,0
745,variation,,,"Funda ultrafina mate magsafe translúcida rigida - Blanco, iPhone 16 Plus",1,0,visible,,,,,taxable,parent,1,3,,0,0,,,,,0,,199,249,,,,,,,id:729,,,,,,16,,Color,Blanco,,0,Modelo,iPhone 16 Plus,,0
746,variation,,,"Funda ultrafina mate magsafe translúcida rigida - Negro, iPhone 12 / 12 Pro",1,0,visible,,,,,taxable,parent,1,5,,0,0,,,,,0,,199,249,,,,,,,id:729,,,,,,17,,Color,Negro,,0,Modelo,iPhone 12 / 12 Pro,,0
747,variation,,,"Funda ultrafina mate magsafe translúcida rigida - Negro, iPhone 12 Pro Max",1,0,visible,,,,,taxable,parent,1,4,,0,0,,,,,0,,199,249,,,,,,,id:729,,,,,,18,,Color,Negro,,0,Modelo,iPhone 12 Pro Max,,0
748,variation,,,"Funda ultrafina mate magsafe translúcida rigida - Negro, iPhone 13 / 14",1,0,visible,,,,,taxable,parent,1,5,,0,0,,,,,0,,199,249,,,,,,,id:729,,,,,,19,,Color,Negro,,0,Modelo,iPhone 13 / 14,,0
749,variation,,,"Funda ultrafina mate magsafe translúcida rigida - Negro, iPhone 13 Pro",1,0,visible,,,,,taxable,parent,1,3,,0,0,,,,,0,,199,249,,,,,,,id:729,,,,,,20,,Color,Negro,,0,Modelo,iPhone 13 Pro,,0
750,variation,,,"Funda ultrafina mate magsafe translúcida rigida - Negro, iPhone 13 Pro Max",1,0,visible,,,,,taxable,parent,1,3,,0,0,,,,,0,,199,249,,,,,,,id:729,,,,,,21,,Color,Negro,,0,Modelo,iPhone 13 Pro Max,,0
751,variation,,,"Funda ultrafina mate magsafe translúcida rigida - Negro, iPhone 14 Pro",1,0,visible,,,,,taxable,parent,1,3,,0,0,,,,,0,,199,249,,,,,,,id:729,,,,,,22,,Color,Negro,,0,Modelo,iPhone 14 Pro,,0
752,variation,,,"Funda ultrafina mate magsafe translúcida rigida - Negro, iPhone 14 Pro Max",1,0,visible,,,,,taxable,parent,1,5,,0,0,,,,,0,,199,249,,,,,,,id:729,,,,,,23,,Color,Negro,,0,Modelo,iPhone 14 Pro Max,,0
753,variation,,,"Funda ultrafina mate magsafe translúcida rigida - Negro, iPhone 14 Plus",1,0,visible,,,,,taxable,parent,1,2,,0,0,,,,,0,,199,249,,,,,,,id:729,,,,,,24,,Color,Negro,,0,Modelo,iPhone 14 Plus,,0
754,variation,,,"Funda ultrafina mate magsafe translúcida rigida - Negro, iPhone 15",1,0,visible,,,,,taxable,parent,1,1,,0,0,,,,,0,,199,249,,,,,,,id:729,,,,,,25,,Color,Negro,,0,Modelo,iPhone 15,,0
755,variation,,,"Funda ultrafina mate magsafe translúcida rigida - Negro, iPhone 15 Pro",1,0,visible,,,,,taxable,parent,1,2,,0,0,,,,,0,,199,249,,,,,,,id:729,,,,,,26,,Color,Negro,,0,Modelo,iPhone 15 Pro,,0
756,variation,,,"Funda ultrafina mate magsafe translúcida rigida - Negro, iPhone 15 Pro Max",1,0,visible,,,,,taxable,parent,1,4,,0,0,,,,,0,,199,249,,,,,,,id:729,,,,,,27,,Color,Negro,,0,Modelo,iPhone 15 Pro Max,,0
757,variation,,,"Funda ultrafina mate magsafe translúcida rigida - Negro, iPhone 15 Plus",1,0,visible,,,,,taxable,parent,1,2,,0,0,,,,,0,,199,249,,,,,,,id:729,,,,,,28,,Color,Negro,,0,Modelo,iPhone 15 Plus,,0
758,variation,,,"Funda ultrafina mate magsafe translúcida rigida - Negro, iPhone 16",1,0,visible,,,,,taxable,parent,1,1,,0,0,,,,,0,,199,249,,,,,,,id:729,,,,,,29,,Color,Negro,,0,Modelo,iPhone 16,,0
759,variation,,,"Funda ultrafina mate magsafe translúcida rigida - Negro, iPhone 16 Pro",1,0,visible,,,,,taxable,parent,1,3,,0,0,,,,,0,,199,249,,,,,,,id:729,,,,,,30,,Color,Negro,,0,Modelo,iPhone 16 Pro,,0
760,variation,,,"Funda ultrafina mate magsafe translúcida rigida - Negro, iPhone 16 Pro Max",1,0,visible,,,,,taxable,parent,1,5,,0,0,,,,,0,,199,249,,,,,,,id:729,,,,,,31,,Color,Negro,,0,Modelo,iPhone 16 Pro Max,,0
761,variation,,,"Funda ultrafina mate magsafe translúcida rigida - Negro, iPhone 16 Plus",1,0,visible,,,,,taxable,parent,1,2,,0,0,,,,,0,,199,249,,,,,,,id:729,,,,,,32,,Color,Negro,,0,Modelo,iPhone 16 Plus,,0
762,variable,,,Funda con marco de metal transparente magsafe,1,0,visible,"Fabricada con plástico grueso y firme. Los bordes rígidos absorben impactos y protegen contra caídas, mientras que el interior transparente destaca el diseño original del dispositivo. El módulo de la cámara cuenta con un elegante borde metálico para mayor protección y estilo. Compatible con MagSafe; ideal para trabajos comprometedores sin sacrificar la estética.",,,,taxable,,1,,,0,0,,,,,0,,,,FUNDA,,,,,,,,,,,,0,,Color,"Blanco, Negro, Gris",0,0,Modelo,"iPhone 12 / 12 Pro, iPhone 12 Pro Max, iPhone 13 / 14, iPhone 13 Pro, iPhone 13 Pro Max, iPhone 14 Pro, iPhone 14 Pro Max, iPhone 14 Plus, iPhone 15, iPhone 15 Pro, iPhone 15 Pro Max, iPhone 15 Plus, iPhone 16, iPhone 16 Pro, iPhone 16 Pro Max, iPhone 16 Plus",0,0
763,variation,,,Funda con marco de metal transparente magsafe,1,0,visible,,,,,taxable,parent,1,2,,0,0,,,,,0,,249,299,,,,,,,id:762,,,,,,1,,Color,Blanco,,0,Modelo,iPhone 12 / 12 Pro,,0
764,variation,,,Funda con marco de metal transparente magsafe,1,0,visible,,,,,taxable,parent,1,1,,0,0,,,,,0,,249,299,,,,,,,id:762,,,,,,2,,Color,Blanco,,0,Modelo,iPhone 12 Pro Max,,0
765,variation,,,Funda con marco de metal transparente magsafe,1,0,visible,,,,,taxable,parent,1,3,,0,0,,,,,0,,249,299,,,,,,,id:762,,,,,,3,,Color,Blanco,,0,Modelo,iPhone 13 / 14,,0
766,variation,,,Funda con marco de metal transparente magsafe,1,0,visible,,,,,taxable,parent,1,4,,0,0,,,,,0,,249,299,,,,,,,id:762,,,,,,4,,Color,Blanco,,0,Modelo,iPhone 13 Pro,,0
767,variation,,,Funda con marco de metal transparente magsafe,1,0,visible,,,,,taxable,parent,1,2,,0,0,,,,,0,,249,299,,,,,,,id:762,,,,,,5,,Color,Blanco,,0,Modelo,iPhone 13 Pro Max,,0
768,variation,,,Funda con marco de metal transparente magsafe,1,0,visible,,,,,taxable,parent,1,2,,0,0,,,,,0,,249,299,,,,,,,id:762,,,,,,6,,Color,Blanco,,0,Modelo,iPhone 14 Pro,,0
769,variation,,,Funda con marco de metal transparente magsafe,1,0,visible,,,,,taxable,parent,1,1,,0,0,,,,,0,,249,299,,,,,,,id:762,,,,,,7,,Color,Blanco,,0,Modelo,iPhone 14 Pro Max,,0
770,variation,,,Funda con marco de metal transparente magsafe,1,0,visible,,,,,taxable,parent,1,4,,0,0,,,,,0,,249,299,,,,,,,id:762,,,,,,8,,Color,Blanco,,0,Modelo,iPhone 14 Plus,,0
771,variation,,,Funda con marco de metal transparente magsafe,1,0,visible,,,,,taxable,parent,1,1,,0,0,,,,,0,,249,299,,,,,,,id:762,,,,,,9,,Color,Blanco,,0,Modelo,iPhone 15,,0
772,variation,,,Funda con marco de metal transparente magsafe,1,0,visible,,,,,taxable,parent,1,3,,0,0,,,,,0,,249,299,,,,,,,id:762,,,,,,10,,Color,Blanco,,0,Modelo,iPhone 15 Pro,,0
773,variation,,,Funda con marco de metal transparente magsafe,1,0,visible,,,,,taxable,parent,1,3,,0,0,,,,,0,,249,299,,,,,,,id:762,,,,,,11,,Color,Blanco,,0,Modelo,iPhone 15 Pro Max,,0
774,variation,,,Funda con marco de metal transparente magsafe,1,0,visible,,,,,taxable,parent,1,5,,0,0,,,,,0,,249,299,,,,,,,id:762,,,,,,12,,Color,Blanco,,0,Modelo,iPhone 15 Plus,,0
775,variation,,,Funda con marco de metal transparente magsafe,1,0,visible,,,,,taxable,parent,1,2,,0,0,,,,,0,,249,299,,,,,,,id:762,,,,,,13,,Color,Blanco,,0,Modelo,iPhone 16,,0
776,variation,,,Funda con marco de metal transparente magsafe,1,0,visible,,,,,taxable,parent,1,2,,0,0,,,,,0,,249,299,,,,,,,id:762,,,,,,14,,Color,Blanco,,0,Modelo,iPhone 16 Pro,,0
777,variation,,,Funda con marco de metal transparente magsafe,1,0,visible,,,,,taxable,parent,1,2,,0,0,,,,,0,,249,299,,,,,,,id:762,,,,,,15,,Color,Blanco,,0,Modelo,iPhone 16 Pro Max,,0
778,variation,,,Funda con marco de metal transparente magsafe,1,0,visible,,,,,taxable,parent,1,2,,0,0,,,,,0,,249,299,,,,,,,id:762,,,,,,16,,Color,Blanco,,0,Modelo,iPhone 16 Plus,,0
779,variation,,,Funda con marco de metal transparente magsafe,1,0,visible,,,,,taxable,parent,1,1,,0,0,,,,,0,,249,299,,,,,,,id:762,,,,,,17,,Color,Negro,,0,Modelo,iPhone 12 / 12 Pro,,0
780,variation,,,Funda con marco de metal transparente magsafe,1,0,visible,,,,,taxable,parent,1,6,,0,0,,,,,0,,249,299,,,,,,,id:762,,,,,,18,,Color,Negro,,0,Modelo,iPhone 12 Pro Max,,0
781,variation,,,Funda con marco de metal transparente magsafe,1,0,visible,,,,,taxable,parent,1,6,,0,0,,,,,0,,249,299,,,,,,,id:762,,,,,,19,,Color,Negro,,0,Modelo,iPhone 13 / 14,,0
782,variation,,,Funda con marco de metal transparente magsafe,1,0,visible,,,,,taxable,parent,1,5,,0,0,,,,,0,,249,299,,,,,,,id:762,,,,,,20,,Color,Negro,,0,Modelo,iPhone 13 Pro,,0
783,variation,,,Funda con marco de metal transparente magsafe,1,0,visible,,,,,taxable,parent,1,4,,0,0,,,,,0,,249,299,,,,,,,id:762,,,,,,21,,Color,Negro,,0,Modelo,iPhone 13 Pro Max,,0
784,variation,,,Funda con marco de metal transparente magsafe,1,0,visible,,,,,taxable,parent,1,4,,0,0,,,,,0,,249,299,,,,,,,id:762,,,,,,22,,Color,Negro,,0,Modelo,iPhone 14 Pro,,0
785,variation,,,Funda con marco de metal transparente magsafe,1,0,visible,,,,,taxable,parent,1,4,,0,0,,,,,0,,249,299,,,,,,,id:762,,,,,,23,,Color,Negro,,0,Modelo,iPhone 14 Pro Max,,0
786,variation,,,Funda con marco de metal transparente magsafe,1,0,visible,,,,,taxable,parent,1,5,,0,0,,,,,0,,249,299,,,,,,,id:762,,,,,,24,,Color,Negro,,0,Modelo,iPhone 14 Plus,,0
787,variation,,,Funda con marco de metal transparente magsafe,1,0,visible,,,,,taxable,parent,1,2,,0,0,,,,,0,,249,299,,,,,,,id:762,,,,,,25,,Color,Negro,,0,Modelo,iPhone 15,,0
788,variation,,,Funda con marco de metal transparente magsafe,1,0,visible,,,,,taxable,parent,1,4,,0,0,,,,,0,,249,299,,,,,,,id:762,,,,,,26,,Color,Negro,,0,Modelo,iPhone 15 Pro,,0
789,variation,,,Funda con marco de metal transparente magsafe,1,0,visible,,,,,taxable,parent,1,4,,0,0,,,,,0,,249,299,,,,,,,id:762,,,,,,27,,Color,Negro,,0,Modelo,iPhone 15 Pro Max,,0
790,variation,,,Funda con marco de metal transparente magsafe,1,0,visible,,,,,taxable,parent,1,4,,0,0,,,,,0,,249,299,,,,,,,id:762,,,,,,28,,Color,Negro,,0,Modelo,iPhone 15 Plus,,0
791,variation,,,Funda con marco de metal transparente magsafe,1,0,visible,,,,,taxable,parent,1,2,,0,0,,,,,0,,249,299,,,,,,,id:762,,,,,,29,,Color,Negro,,0,Modelo,iPhone 16,,0
792,variation,,,Funda con marco de metal transparente magsafe,1,0,visible,,,,,taxable,parent,1,4,,0,0,,,,,0,,249,299,,,,,,,id:762,,,,,,30,,Color,Negro,,0,Modelo,iPhone 16 Pro,,0
793,variation,,,Funda con marco de metal transparente magsafe,1,0,visible,,,,,taxable,parent,1,4,,0,0,,,,,0,,249,299,,,,,,,id:762,,,,,,31,,Color,Negro,,0,Modelo,iPhone 16 Pro Max,,0
794,variation,,,Funda con marco de metal transparente magsafe,1,0,visible,,,,,taxable,parent,1,6,,0,0,,,,,0,,249,299,,,,,,,id:762,,,,,,32,,Color,Negro,,0,Modelo,iPhone 16 Plus,,0
795,variation,,,Funda con marco de metal transparente magsafe,1,0,visible,,,,,taxable,parent,1,1,,0,0,,,,,0,,249,299,,,,,,,id:762,,,,,,33,,Color,Gris,,0,Modelo,iPhone 12 / 12 Pro,,0
796,variation,,,Funda con marco de metal transparente magsafe,1,0,visible,,,,,taxable,parent,1,1,,0,0,,,,,0,,249,299,,,,,,,id:762,,,,,,34,,Color,Gris,,0,Modelo,iPhone 12 Pro Max,,0
797,variation,,,Funda con marco de metal transparente magsafe,1,0,visible,,,,,taxable,parent,1,2,,0,0,,,,,0,,249,299,,,,,,,id:762,,,,,,35,,Color,Gris,,0,Modelo,iPhone 13 / 14,,0
798,variation,,,Funda con marco de metal transparente magsafe,1,0,visible,,,,,taxable,parent,1,0,,0,0,,,,,0,,249,299,,,,,,,id:762,,,,,,36,,Color,Gris,,0,Modelo,iPhone 13 Pro,,0
799,variation,,,Funda con marco de metal transparente magsafe,1,0,visible,,,,,taxable,parent,1,2,,0,0,,,,,0,,249,299,,,,,,,id:762,,,,,,37,,Color,Gris,,0,Modelo,iPhone 13 Pro Max,,0
800,variation,,,Funda con marco de metal transparente magsafe,1,0,visible,,,,,taxable,parent,1,2,,0,0,,,,,0,,249,299,,,,,,,id:762,,,,,,38,,Color,Gris,,0,Modelo,iPhone 14 Pro,,0
801,variation,,,Funda con marco de metal transparente magsafe,1,0,visible,,,,,taxable,parent,1,2,,0,0,,,,,0,,249,299,,,,,,,id:762,,,,,,39,,Color,Gris,,0,Modelo,iPhone 14 Pro Max,,0
802,variation,,,Funda con marco de metal transparente magsafe,1,0,visible,,,,,taxable,parent,1,3,,0,0,,,,,0,,249,299,,,,,,,id:762,,,,,,40,,Color,Gris,,0,Modelo,iPhone 14 Plus,,0
803,variation,,,Funda con marco de metal transparente magsafe,1,0,visible,,,,,taxable,parent,1,1,,0,0,,,,,0,,249,299,,,,,,,id:762,,,,,,41,,Color,Gris,,0,Modelo,iPhone 15,,0
804,variation,,,Funda con marco de metal transparente magsafe,1,0,visible,,,,,taxable,parent,1,0,,0,0,,,,,0,,249,299,,,,,,,id:762,,,,,,42,,Color,Gris,,0,Modelo,iPhone 15 Pro,,0
805,variation,,,Funda con marco de metal transparente magsafe,1,0,visible,,,,,taxable,parent,1,8,,0,0,,,,,0,,249,299,,,,,,,id:762,,,,,,43,,Color,Gris,,0,Modelo,iPhone 15 Pro Max,,0
806,variation,,,Funda con marco de metal transparente magsafe,1,0,visible,,,,,taxable,parent,1,8,,0,0,,,,,0,,249,299,,,,,,,id:762,,,,,,44,,Color,Gris,,0,Modelo,iPhone 15 Plus,,0
807,variation,,,Funda con marco de metal transparente magsafe,1,0,visible,,,,,taxable,parent,1,1,,0,0,,,,,0,,249,299,,,,,,,id:762,,,,,,45,,Color,Gris,,0,Modelo,iPhone 16,,0
808,variation,,,Funda con marco de metal transparente magsafe,1,0,visible,,,,,taxable,parent,1,0,,0,0,,,,,0,,249,299,,,,,,,id:762,,,,,,46,,Color,Gris,,0,Modelo,iPhone 16 Pro,,0
809,variation,,,Funda con marco de metal transparente magsafe,1,0,visible,,,,,taxable,parent,1,4,,0,0,,,,,0,,249,299,,,,,,,id:762,,,,,,47,,Color,Gris,,0,Modelo,iPhone 16 Pro Max,,0
810,variation,,,Funda con marco de metal transparente magsafe,1,0,visible,,,,,taxable,parent,1,4,,0,0,,,,,0,,249,299,,,,,,,id:762,,,,,,48,,Color,Gris,,0,Modelo,iPhone 16 Plus,,0
811,variable,,,Funda mate trasucida magsafe,1,,visible,"Fabricada con plástico flexible con textura gomosa, ofrece una superficie adherente y cómoda al tacto. Los bordes de goma están diseñados para absorber impactos, proporcionando una protección contra caídas. La parte trasera presenta un acabado mate ahumado, que combina estilo moderno y funcionalidad. Una opción ultra resistente para quienes buscan durabilidad sin renunciar a un diseño práctico y elegante.",,,,taxable,,1,,,,,,,,,,,,,FUNDA,,,,,,,,,,,,0,,Color,"Negro, Gris, Azul, Rosa",0,0,Modelo,"iPhone 12 / 12 Pro, iPhone 12 Pro Max, iPhone 13 / 14, iPhone 13 Pro, iPhone 13 Pro Max, iPhone 14 Pro, iPhone 14 Pro Max, iPhone 14 Plus, iPhone 15, iPhone 15 Pro, iPhone 15 Pro Max, iPhone 15 Plus, iPhone 16, iPhone 16 Pro, iPhone 16 Pro Max, iPhone 16 Plus",0,0
812,variation,,,Funda mate trasucida magsafe,1,0,visible,,,,,taxable,parent,1,1,,0,0,,,,,0,,219,279,,,,,,,id: 811,,,,,,1,,Color,Negro,,0,Modelo,iPhone 12 / 12 Pro,,0
813,variation,,,Funda mate trasucida magsafe,1,0,visible,,,,,taxable,parent,1,2,,0,0,,,,,0,,219,279,,,,,,,id: 811,,,,,,2,,Color,Negro,,0,Modelo,iPhone 12 Pro Max,,0
814,variation,,,Funda mate trasucida magsafe,1,0,visible,,,,,taxable,parent,1,2,,0,0,,,,,0,,219,279,,,,,,,id: 811,,,,,,3,,Color,Negro,,0,Modelo,iPhone 13 / 14,,0
815,variation,,,Funda mate trasucida magsafe,1,0,visible,,,,,taxable,parent,1,4,,0,0,,,,,0,,219,279,,,,,,,id: 811,,,,,,4,,Color,Negro,,0,Modelo,iPhone 13 Pro,,0
816,variation,,,Funda mate trasucida magsafe,1,0,visible,,,,,taxable,parent,1,6,,0,0,,,,,0,,219,279,,,,,,,id: 811,,,,,,5,,Color,Negro,,0,Modelo,iPhone 13 Pro Max,,0
817,variation,,,Funda mate trasucida magsafe,1,0,visible,,,,,taxable,parent,1,1,,0,0,,,,,0,,219,279,,,,,,,id: 811,,,,,,6,,Color,Negro,,0,Modelo,iPhone 14 Pro,,0
818,variation,,,Funda mate trasucida magsafe,1,0,visible,,,,,taxable,parent,1,2,,0,0,,,,,0,,219,279,,,,,,,id: 811,,,,,,7,,Color,Negro,,0,Modelo,iPhone 14 Pro Max,,0
819,variation,,,Funda mate trasucida magsafe,1,0,visible,,,,,taxable,parent,1,4,,0,0,,,,,0,,219,279,,,,,,,id: 811,,,,,,8,,Color,Negro,,0,Modelo,iPhone 14 Plus,,0
820,variation,,,Funda mate trasucida magsafe,1,0,visible,,,,,taxable,parent,1,2,,0,0,,,,,0,,219,279,,,,,,,id: 811,,,,,,9,,Color,Negro,,0,Modelo,iPhone 15,,0
821,variation,,,Funda mate trasucida magsafe,1,0,visible,,,,,taxable,parent,1,2,,0,0,,,,,0,,219,279,,,,,,,id: 811,,,,,,10,,Color,Negro,,0,Modelo,iPhone 15 Pro,,0
822,variation,,,Funda mate trasucida magsafe,1,0,visible,,,,,taxable,parent,1,2,,0,0,,,,,0,,219,279,,,,,,,id: 811,,,,,,11,,Color,Negro,,0,Modelo,iPhone 15 Pro Max,,0
823,variation,,,Funda mate trasucida magsafe,1,0,visible,,,,,taxable,parent,1,3,,0,0,,,,,0,,219,279,,,,,,,id: 811,,,,,,12,,Color,Negro,,0,Modelo,iPhone 15 Plus,,0
824,variation,,,Funda mate trasucida magsafe,1,0,visible,,,,,taxable,parent,1,2,,0,0,,,,,0,,219,279,,,,,,,id: 811,,,,,,13,,Color,Negro,,0,Modelo,iPhone 16,,0
825,variation,,,Funda mate trasucida magsafe,1,0,visible,,,,,taxable,parent,1,2,,0,0,,,,,0,,219,279,,,,,,,id: 811,,,,,,14,,Color,Negro,,0,Modelo,iPhone 16 Pro,,0
826,variation,,,Funda mate trasucida magsafe,1,0,visible,,,,,taxable,parent,1,2,,0,0,,,,,0,,219,279,,,,,,,id: 811,,,,,,15,,Color,Negro,,0,Modelo,iPhone 16 Pro Max,,0
827,variation,,,Funda mate trasucida magsafe,1,0,visible,,,,,taxable,parent,1,2,,0,0,,,,,0,,219,279,,,,,,,id: 811,,,,,,16,,Color,Negro,,0,Modelo,iPhone 16 Plus,,0
828,variation,,,Funda mate trasucida magsafe,1,0,visible,,,,,taxable,parent,1,1,,0,0,,,,,0,,219,279,,,,,,,id: 811,,,,,,17,,Color,Gris,,0,Modelo,iPhone 12 / 12 Pro,,0
829,variation,,,Funda mate trasucida magsafe,1,0,visible,,,,,taxable,parent,1,2,,0,0,,,,,0,,219,279,,,,,,,id: 811,,,,,,18,,Color,Gris,,0,Modelo,iPhone 12 Pro Max,,0
830,variation,,,Funda mate trasucida magsafe,1,0,visible,,,,,taxable,parent,1,2,,0,0,,,,,0,,219,279,,,,,,,id: 811,,,,,,19,,Color,Gris,,0,Modelo,iPhone 14 Pro Max,,0
831,variation,,,Funda mate trasucida magsafe,1,0,visible,,,,,taxable,parent,1,3,,0,0,,,,,0,,219,279,,,,,,,id: 811,,,,,,20,,Color,Gris,,0,Modelo,iPhone 15 Pro,,0
832,variation,,,Funda mate trasucida magsafe,1,0,visible,,,,,taxable,parent,1,3,,0,0,,,,,0,,219,279,,,,,,,id: 811,,,,,,21,,Color,Gris,,0,Modelo,iPhone 15 Pro Max,,0
833,variation,,,Funda mate trasucida magsafe,1,0,visible,,,,,taxable,parent,1,3,,0,0,,,,,0,,219,279,,,,,,,id: 811,,,,,,22,,Color,Gris,,0,Modelo,iPhone 16,,0
834,variation,,,Funda mate trasucida magsafe,1,0,visible,,,,,taxable,parent,1,2,,0,0,,,,,0,,219,279,,,,,,,id: 811,,,,,,23,,Color,Gris,,0,Modelo,iPhone 16 Pro,,0
835,variation,,,Funda mate trasucida magsafe,1,0,visible,,,,,taxable,parent,1,3,,0,0,,,,,0,,219,279,,,,,,,id: 811,,,,,,24,,Color,Gris,,0,Modelo,iPhone 16 Pro Max,,0
836,variation,,,Funda mate trasucida magsafe,1,0,visible,,,,,taxable,parent,1,3,,0,0,,,,,0,,219,279,,,,,,,id: 811,,,,,,25,,Color,Azul,,0,Modelo,iPhone 12 / 12 Pro,,0
837,variation,,,Funda mate trasucida magsafe,1,0,visible,,,,,taxable,parent,1,1,,0,0,,,,,0,,219,279,,,,,,,id: 811,,,,,,26,,Color,Azul,,0,Modelo,iPhone 12 Pro Max,,0
838,variation,,,Funda mate trasucida magsafe,1,0,visible,,,,,taxable,parent,1,1,,0,0,,,,,0,,219,279,,,,,,,id: 811,,,,,,27,,Color,Azul,,0,Modelo,iPhone 13 Pro,,0
839,variation,,,Funda mate trasucida magsafe,1,0,visible,,,,,taxable,parent,1,1,,0,0,,,,,0,,219,279,,,,,,,id: 811,,,,,,28,,Color,Azul,,0,Modelo,iPhone 16,,0
840,variation,,,Funda mate trasucida magsafe,1,0,visible,,,,,taxable,parent,1,3,,0,0,,,,,0,,219,279,,,,,,,id: 811,,,,,,29,,Color,Rosa,,0,Modelo,iPhone 12 / 12 Pro,,0
841,variation,,,Funda mate trasucida magsafe,1,0,visible,,,,,taxable,parent,1,1,,0,0,,,,,0,,219,279,,,,,,,id: 811,,,,,,30,,Color,Rosa,,0,Modelo,iPhone 13 / 14,,0
842,variation,,,Funda mate trasucida magsafe,1,0,visible,,,,,taxable,parent,1,0,,0,0,,,,,0,,219,279,,,,,,,id: 811,,,,,,31,,Color,Rosa,,0,Modelo,iPhone 14 Plus,,0
843,variation,,,Funda mate trasucida magsafe,1,0,visible,,,,,taxable,parent,1,1,,0,0,,,,,0,,219,279,,,,,,,id: 811,,,,,,32,,Color,Rosa,,0,Modelo,iPhone 15,,0
844,variation,,,Funda mate trasucida magsafe,1,0,visible,,,,,taxable,parent,1,2,,0,0,,,,,0,,219,279,,,,,,,id: 811,,,,,,33,,Color,Rosa,,0,Modelo,iPhone 15 Plus,,0
845,variation,,,Funda mate trasucida magsafe,1,0,visible,,,,,taxable,parent,1,2,,0,0,,,,,0,,219,279,,,,,,,id: 811,,,,,,34,,Color,Rosa,,0,Modelo,iPhone 16,,0
846,variation,,,Funda mate trasucida magsafe,1,0,visible,,,,,taxable,parent,1,3,,0,0,,,,,0,,219,279,,,,,,,id: 811,,,,,,35,,Color,Rosa,,0,Modelo,iPhone 16 Plus,,0
847,variable,,,Funda con soporte de anillo magsafe mate,1,0,visible,"Fabricada con plástico flexible de textura gomosa, proporciona un agarre seguro y cómodo. Los bordes de goma absorben impactos, garantizando resistencia a caídas, mientras que la parte trasera mate añade un toque moderno y discreto. Incluye un innovador anillo magnético MagSafe plegable de metal, integrado mediante una bisagra robusta permitiendo colocar el iPhone en posición horizontal y vertical sobre una superficie para disfrutar de videos o videollamadas. Una funda diseñada para quienes buscan practicidad, protección y un diseño todo en uno.",,,,taxable,,1,,,,,,,,,,,,,FUNDA,,,,,,,,,,,,0,,Color,"Negro, Gris, Gold",0,0,Modelo,"iPhone 12 / 12 Pro, iPhone 12 Pro Max, iPhone 13 / 14, iPhone 13 Pro, iPhone 13 Pro Max, iPhone 14 Pro, iPhone 14 Pro Max, iPhone 14 Plus, iPhone 15, iPhone 15 Pro, iPhone 15 Pro Max, iPhone 15 Plus, iPhone 16, iPhone 16 Pro, iPhone 16 Pro Max, iPhone 16 Plus",0,0
848,variation,,,Funda con soporte de anillo magsafe mate,1,0,visible,,,,,taxable,parent,1,2,,0,0,,,,,0,,249,299,,,,,,,id: 847,,,,,,1,,Color,Negro,,0,Modelo,iPhone 12 / 12 Pro,,0
849,variation,,,Funda con soporte de anillo magsafe mate,1,0,visible,,,,,taxable,parent,1,2,,0,0,,,,,0,,249,299,,,,,,,id: 847,,,,,,2,,Color,Negro,,0,Modelo,iPhone 12 Pro Max,,0
850,variation,,,Funda con soporte de anillo magsafe mate,1,0,visible,,,,,taxable,parent,1,2,,0,0,,,,,0,,249,299,,,,,,,id: 847,,,,,,3,,Color,Negro,,0,Modelo,iPhone 13 / 14,,0
851,variation,,,Funda con soporte de anillo magsafe mate,1,0,visible,,,,,taxable,parent,1,3,,0,0,,,,,0,,249,299,,,,,,,id: 847,,,,,,4,,Color,Negro,,0,Modelo,iPhone 13 Pro,,0
852,variation,,,Funda con soporte de anillo magsafe mate,1,0,visible,,,,,taxable,parent,1,2,,0,0,,,,,0,,249,299,,,,,,,id: 847,,,,,,5,,Color,Negro,,0,Modelo,iPhone 13 Pro Max,,0
853,variation,,,Funda con soporte de anillo magsafe mate,1,0,visible,,,,,taxable,parent,1,2,,0,0,,,,,0,,249,299,,,,,,,id: 847,,,,,,6,,Color,Negro,,0,Modelo,iPhone 14 Pro,,0
854,variation,,,Funda con soporte de anillo magsafe mate,1,0,visible,,,,,taxable,parent,1,2,,0,0,,,,,0,,249,299,,,,,,,id: 847,,,,,,7,,Color,Negro,,0,Modelo,iPhone 14 Pro Max,,0
855,variation,,,Funda con soporte de anillo magsafe mate,1,0,visible,,,,,taxable,parent,1,3,,0,0,,,,,0,,249,299,,,,,,,id: 847,,,,,,8,,Color,Negro,,0,Modelo,iPhone 14 Plus,,0
856,variation,,,Funda con soporte de anillo magsafe mate,1,0,visible,,,,,taxable,parent,1,2,,0,0,,,,,0,,249,299,,,,,,,id: 847,,,,,,9,,Color,Negro,,0,Modelo,iPhone 15,,0
857,variation,,,Funda con soporte de anillo magsafe mate,1,0,visible,,,,,taxable,parent,1,2,,0,0,,,,,0,,249,299,,,,,,,id: 847,,,,,,10,,Color,Negro,,0,Modelo,iPhone 15 Pro,,0
858,variation,,,Funda con soporte de anillo magsafe mate,1,0,visible,,,,,taxable,parent,1,2,,0,0,,,,,0,,249,299,,,,,,,id: 847,,,,,,11,,Color,Negro,,0,Modelo,iPhone 15 Pro Max,,0
859,variation,,,Funda con soporte de anillo magsafe mate,1,0,visible,,,,,taxable,parent,1,2,,0,0,,,,,0,,249,299,,,,,,,id: 847,,,,,,12,,Color,Negro,,0,Modelo,iPhone 15 Plus,,0
860,variation,,,Funda con soporte de anillo magsafe mate,1,0,visible,,,,,taxable,parent,1,2,,0,0,,,,,0,,249,299,,,,,,,id: 847,,,,,,13,,Color,Negro,,0,Modelo,iPhone 16,,0
861,variation,,,Funda con soporte de anillo magsafe mate,1,0,visible,,,,,taxable,parent,1,2,,0,0,,,,,0,,249,299,,,,,,,id: 847,,,,,,14,,Color,Negro,,0,Modelo,iPhone 16 Pro,,0
862,variation,,,Funda con soporte de anillo magsafe mate,1,0,visible,,,,,taxable,parent,1,1,,0,0,,,,,0,,249,299,,,,,,,id: 847,,,,,,15,,Color,Negro,,0,Modelo,iPhone 16 Pro Max,,0
863,variation,,,Funda con soporte de anillo magsafe mate,1,0,visible,,,,,taxable,parent,1,3,,0,0,,,,,0,,249,299,,,,,,,id: 847,,,,,,16,,Color,Negro,,0,Modelo,iPhone 16 Plus,,0
864,variation,,,Funda con soporte de anillo magsafe mate,1,0,visible,,,,,taxable,parent,1,2,,0,0,,,,,0,,249,299,,,,,,,id: 847,,,,,,17,,Color,Gris,,0,Modelo,iPhone 12 / 12 Pro,,0
865,variation,,,Funda con soporte de anillo magsafe mate,1,0,visible,,,,,taxable,parent,1,2,,0,0,,,,,0,,249,299,,,,,,,id: 847,,,,,,18,,Color,Gris,,0,Modelo,iPhone 13 Pro,,0
866,variation,,,Funda con soporte de anillo magsafe mate,1,0,visible,,,,,taxable,parent,1,2,,0,0,,,,,0,,249,299,,,,,,,id: 847,,,,,,19,,Color,Gris,,0,Modelo,iPhone 15 Pro,,0
867,variation,,,Funda con soporte de anillo magsafe mate,1,0,visible,,,,,taxable,parent,1,2,,0,0,,,,,0,,249,299,,,,,,,id: 847,,,,,,20,,Color,Gris,,0,Modelo,iPhone 15 Pro Max,,0
868,variation,,,Funda con soporte de anillo magsafe mate,1,0,visible,,,,,taxable,parent,1,1,,0,0,,,,,0,,249,299,,,,,,,id: 847,,,,,,21,,Color,Gris,,0,Modelo,iPhone 16,,0
869,variation,,,Funda con soporte de anillo magsafe mate,1,0,visible,,,,,taxable,parent,1,2,,0,0,,,,,0,,249,299,,,,,,,id: 847,,,,,,22,,Color,Gris,,0,Modelo,iPhone 16 Pro,,0
870,variation,,,Funda con soporte de anillo magsafe mate,1,0,visible,,,,,taxable,parent,1,2,,0,0,,,,,0,,249,299,,,,,,,id: 847,,,,,,23,,Color,Gris,,0,Modelo,iPhone 16 Pro Max,,0
871,variation,,,Funda con soporte de anillo magsafe mate,1,0,visible,,,,,taxable,parent,1,3,,0,0,,,,,0,,249,299,,,,,,,id: 847,,,,,,24,,Color,Gold,,0,Modelo,iPhone 14 Pro,,0
872,variation,,,Funda con soporte de anillo magsafe mate,1,0,visible,,,,,taxable,parent,1,3,,0,0,,,,,0,,249,299,,,,,,,id: 847,,,,,,25,,Color,Gold,,0,Modelo,iPhone 14 Pro Max,,0
873,variation,,,Funda con soporte de anillo magsafe mate,1,0,visible,,,,,taxable,parent,1,2,,0,0,,,,,0,,249,299,,,,,,,id: 847,,,,,,26,,Color,Gold,,0,Modelo,iPhone 15 Pro,,0
874,variation,,,Funda con soporte de anillo magsafe mate,1,0,visible,,,,,taxable,parent,1,3,,0,0,,,,,0,,249,299,,,,,,,id: 847,,,,,,27,,Color,Gold,,0,Modelo,iPhone 15 Pro Max,,0
875,variation,,,Funda con soporte de anillo magsafe mate,1,0,visible,,,,,taxable,parent,1,1,,0,0,,,,,0,,249,299,,,,,,,id: 847,,,,,,28,,Color,Gold,,0,Modelo,iPhone 16 Pro,,0
876,variation,,,Funda con soporte de anillo magsafe mate,1,0,visible,,,,,taxable,parent,1,3,,0,0,,,,,0,,249,299,,,,,,,id: 847,,,,,,29,,Color,Gold,,0,Modelo,iPhone 16 Pro Max,,0