ID,Tipo,SKU,"GTIN, UPC, EAN o ISBN",Nombre,Publicado,¿Está destacado?,Visibilidad en el catálogo,Descripción corta,Descripción,Día en que empieza el precio rebajado,Día en que termina el precio rebajado,Estado del impuesto,Clase de impuesto,¿Existencias?,Inventario,Cantidad de bajo inventario,¿Permitir reservas de productos agotados?,¿Vendido individualmente?,Peso (kg),Longitud (cm),Anchura (cm),Altura (cm),¿Permitir valoraciones de clientes?,Nota de compra,Precio rebajado,Precio normal,Categorías,Etiquetas,Clase de envío,Imágenes,Límite de descargas,Días de caducidad de la descarga,Superior,Productos agrupados,Ventas dirigidas,Ventas cruzadas,URL externa,Texto del botón,Posición,Marcas,Datos personalizados de Blocksy,Imágenes de variación de Blocksy,Nombre del atributo 1,Valor(es) del atributo 1,Atributo visible 1,Atributo global 1,Nombre del atributo 2,Valor(es) del atributo 2,Atributo visible 2,Atributo global 2,Atributo por defecto 1,Atributo por defecto 2
3610,simple,IUKU0015,,Cable Tejido USB-C a USB-C (1m),1,0,visible,,"<span class=""OYPEnA font-feature-liga-off font-feature-clig-off font-feature-calt-off text-decoration-none text-strikethrough-none"">Diseñado para iPhone 15 y 16 en adelante. Con una longitud de 1 metro y un revestimiento reforzado tipo cordón. Ofrece mayor resistencia y una sensación premium. Soporta hasta 60 watts de potencia, garantizando una carga rápida y segura. Una alternativa duradera y de alta calidad.</span>",,,taxable,,1,9,,0,0,,,,,0,,149,199,CARGADOR,,,"https://iuku.store/wp-content/uploads/2025/03/C-Cargadores-21.jpeg, https://iuku.store/wp-content/uploads/2025/03/C-Cargadores-23.jpeg, https://iuku.store/wp-content/uploads/2025/03/C-Cargadores-19.jpeg, https://iuku.store/wp-content/uploads/2025/03/C-Cargadores-24.jpeg, https://iuku.store/wp-content/uploads/2025/03/C-Cargadores-20.jpeg",,,,,,,,,0,,,,,,,,,,,,,
3613,simple,IUKU0016,,Cable USB-C a Lightning (1m),1,0,visible,,"<span class=""OYPEnA font-feature-liga-off font-feature-clig-off font-feature-calt-off text-decoration-none text-strikethrough-none"">Diseño alternativo premium al original de Apple. Con textura de goma de alta calidad, ofreciendo la misma sensación y funcionalidad que el cable oficial. Soporta hasta 30 watts de potencia para una carga rápida y eficiente</span>",,,taxable,,1,7,,0,0,,,,,0,,149,199,CARGADOR,,,"https://iuku.store/wp-content/uploads/2025/03/L-Cargadores-17.jpeg, https://iuku.store/wp-content/uploads/2025/03/L-Cargadores-16.jpeg, https://iuku.store/wp-content/uploads/2025/03/L-Cargadores-15.jpeg, https://iuku.store/wp-content/uploads/2025/03/L-Cargadores-18.jpeg, https://iuku.store/wp-content/uploads/2025/03/L-Cargadores-14.jpeg",,,,,,,,,0,,,,,,,,,,,,,
3608,simple,IUKU0014,,Cartera de lujo iuku,1,0,visible,,"<span class=""OYPEnA font-feature-liga-off font-feature-clig-off font-feature-calt-off text-decoration-none text-strikethrough-none"">Experimenta la elegancia y funcionalidad. Diseñada para quienes buscan un accesorio distinguido.</span>
\n
\n<span class=""OYPEnA font-feature-liga-off font-feature-clig-off font-feature-calt-off text-decoration-none text-strikethrough-none"">Con un formato tipo tríptico, ofrece múltiples ranuras para organizar tus tarjetas esenciales, mientras que su compatibilidad con MagSafe asegura un ajuste perfecto y seguro. Elegancia y practicidad en cada detalle.</span>",,,taxable,,1,2,,notify,0,,,,,0,,349,399,CARTERA,,,"https://iuku.store/wp-content/uploads/2025/03/IMG_9293-scaled.jpg, https://iuku.store/wp-content/uploads/2025/03/IMG_9295-scaled.jpg, https://iuku.store/wp-content/uploads/2025/03/IMG_9296-scaled.jpg, https://iuku.store/wp-content/uploads/2025/03/IMG_9319-scaled.jpg",,,,,,,,,0,,,,,,,,,,,,,
3636,simple,IUKU0017,,MagSafe,1,0,visible,"<span class=""OYPEnA font-feature-liga-off font-feature-clig-off font-feature-calt-off text-decoration-none text-strikethrough-none"">Conecta y carga con facilidad gracias a nuestro cargador MagSafe. Su sistema magnético asegura un ajuste perfecto y sin interrupciones, brindando una experiencia práctica y confiable. Con un cable de 1 metro y textura de goma, soporta hasta 30 watts de potencia, ofreciendo la solución perfecta para quienes buscan comodidad, eficiencia y estilo.</span>",,,,taxable,,1,7,,notify,0,,,,,0,,299,349,CARGADOR,,,"https://iuku.store/wp-content/uploads/2025/03/Cargadores-9.jpeg, https://iuku.store/wp-content/uploads/2025/03/Cargadores-10.jpeg, https://iuku.store/wp-content/uploads/2025/03/Cargadores-8.jpeg, https://iuku.store/wp-content/uploads/2025/03/Cargadores-12.jpeg, https://iuku.store/wp-content/uploads/2025/03/Cargadores-11.jpeg",,,,,,,,,0,,,,,,,,,,,,,
3605,simple,IUKU0013,,Tarjetero Transparente magsafe iuku,1,0,visible,,"<span class=""OYPEnA font-feature-liga-off font-feature-clig-off font-feature-calt-off text-decoration-none text-strikethrough-none"">Fabricado en plástico rígido. Su acabado completamente transparente permite lucir diseño de tus tarjetas; incluye un clip plegable que funciona como base o soporte siendo un accesorio práctico para que disfrutes de tu contenido favorito.</span>",,,taxable,,1,8,,notify,0,,,,,0,,199,249,CARTERA,,,"https://iuku.store/wp-content/uploads/2025/03/IMG_9287-scaled.jpg, https://iuku.store/wp-content/uploads/2025/03/IMG_9289-scaled.jpg, https://iuku.store/wp-content/uploads/2025/03/IMG_9588.png, https://iuku.store/wp-content/uploads/2025/03/IMG_9286-scaled.jpg",,,,,,,,,0,,,,,,,,,,,,,
2851,variable,IUKU0009,,Adaptador de Carga Samsung,1,0,visible,"Diseñado para alcanzar la carga más rápida que los iPhone permiten, este cargador combina un cubo USB-C y un cable USB-C de un metro, ofreciendo confiabilidad y rendimiento excepcional.",,,,taxable,,1,,,0,0,,,,,0,,,,CARGADOR,,,"https://iuku.store/wp-content/uploads/2025/03/Cargadores-6.jpeg, https://iuku.store/wp-content/uploads/2025/03/Cargadores-7.jpeg, https://iuku.store/wp-content/uploads/2025/03/Cargadores-5.jpeg, https://iuku.store/wp-content/uploads/2025/03/Cargadores-4.jpeg, https://iuku.store/wp-content/uploads/2025/03/Cargadores-2.jpeg, https://iuku.store/wp-content/uploads/2025/03/Cargadores-1.jpeg, https://iuku.store/wp-content/uploads/2025/03/Cargadores-3.jpeg",,,,,,,,,0,,,,Voltaje,"25w, 45w",0,0,Color,"Blanco, Negro",0,0,,
2852,variable,IUKU0010,,Cartera Tejido Fino,1,0,visible,"Confeccionada en vinipiel, con un diseño minimalista y compatibilidad MagSafe. Ideal para quienes aprecian la estética Apple sin el alto costo. Disfruta de la misma calidad a una fracción del precio.",,,,taxable,,1,,,0,0,,,,,0,,,,CARTERA,,,"https://iuku.store/wp-content/uploads/2025/03/IMG_9300-scaled.jpg, https://iuku.store/wp-content/uploads/2025/03/IMG_9301-scaled.jpg, https://iuku.store/wp-content/uploads/2025/03/IMG_7202.jpg, https://iuku.store/wp-content/uploads/2025/03/IMG_9302-scaled.jpg",,,,,,,,,0,,,,Color,"Negro, Cafe, Azul, Purpura, Rosa",0,0,,,,,,
2844,variable,IUKU0002,,Funda con marco de metal transparente magsafe,1,0,visible,"Fabricada con plástico grueso y firme. Los bordes rígidos absorben impactos y protegen contra caídas, mientras que el interior transparente destaca el diseño original del dispositivo. El módulo de la cámara cuenta con un elegante borde metálico para mayor protección y estilo. Compatible con MagSafe; ideal para trabajos comprometedores sin sacrificar la estética.",,,,taxable,,1,,,0,0,,,,,0,,,,FUNDA,,,"https://iuku.store/wp-content/uploads/2025/03/Marco-de-metal-2.jpeg, https://iuku.store/wp-content/uploads/2025/03/Marco-de-metal-13.jpeg, https://iuku.store/wp-content/uploads/2025/03/Marco-de-metal-4.jpeg, https://iuku.store/wp-content/uploads/2025/03/Marco-de-metal-1.jpeg, https://iuku.store/wp-content/uploads/2025/03/Marco-de-metal-8.jpeg, https://iuku.store/wp-content/uploads/2025/03/Marco-de-metal-14.jpeg, https://iuku.store/wp-content/uploads/2025/03/Marco-de-metal-5.jpeg, https://iuku.store/wp-content/uploads/2025/03/Marco-de-metal-12.jpeg, https://iuku.store/wp-content/uploads/2025/03/Marco-de-metal-3.jpeg, https://iuku.store/wp-content/uploads/2025/03/Marco-de-metal-29.jpeg, https://iuku.store/wp-content/uploads/2025/03/Marco-de-metal-18.jpeg, https://iuku.store/wp-content/uploads/2025/03/Marco-de-metal-17.jpeg, https://iuku.store/wp-content/uploads/2025/03/Marco-de-metal-16.jpeg, https://iuku.store/wp-content/uploads/2025/03/Marco-de-metal-23.jpeg, https://iuku.store/wp-content/uploads/2025/03/IMG_0508.jpg, https://iuku.store/wp-content/uploads/2025/03/IMG_0507.jpg",,,,,,,,,0,,,,Color,"Blanco, Negro, Gris",0,0,Modelo,"iPhone 12 / 12 Pro, iPhone 12 Pro Max, iPhone 13 / 14, iPhone 13 Pro, iPhone 13 Pro Max, iPhone 14 Pro, iPhone 14 Pro Max, iPhone 14 Plus, iPhone 15, iPhone 15 Pro, iPhone 15 Pro Max, iPhone 15 Plus, iPhone 16, iPhone 16 Pro, iPhone 16 Pro Max, iPhone 16 Plus",0,0,,
2846,variable,IUKU0004,,Funda con soporte de anillo magsafe mate,1,0,visible,"Fabricada con plástico flexible de textura gomosa, proporciona un agarre seguro y cómodo. Los bordes de goma absorben impactos, garantizando resistencia a caídas, mientras que la parte trasera mate añade un toque moderno y discreto. Incluye un innovador anillo magnético MagSafe plegable de metal, integrado mediante una bisagra robusta permitiendo colocar el iPhone en posición horizontal y vertical sobre una superficie para disfrutar de videos o videollamadas. Una funda diseñada para quienes buscan practicidad, protección y un diseño todo en uno.",,,,taxable,,1,,,0,0,,,,,0,,,,FUNDA,,,"https://iuku.store/wp-content/uploads/2025/03/Anillo-desplegable-14.jpeg, https://iuku.store/wp-content/uploads/2025/03/Anillo-desplegable-5.jpeg, https://iuku.store/wp-content/uploads/2025/03/Anillo-desplegable-13.jpeg, https://iuku.store/wp-content/uploads/2025/03/Anillo-desplegable-6.jpeg, https://iuku.store/wp-content/uploads/2025/03/Anillo-desplegable-23.jpeg, https://iuku.store/wp-content/uploads/2025/03/Anillo-desplegable-3.jpeg, https://iuku.store/wp-content/uploads/2025/03/Anillo-desplegable-9.jpeg, https://iuku.store/wp-content/uploads/2025/03/Anillo-desplegable-12.jpeg, https://iuku.store/wp-content/uploads/2025/03/Anillo-desplegable-17.jpeg, https://iuku.store/wp-content/uploads/2025/03/Anillo-desplegable-20.jpeg, https://iuku.store/wp-content/uploads/2025/03/Anillo-desplegable-7.jpeg, https://iuku.store/wp-content/uploads/2025/03/Anillo-desplegable-2.jpeg, https://iuku.store/wp-content/uploads/2025/03/Anillo-desplegable-11.jpeg, https://iuku.store/wp-content/uploads/2025/03/Anillo-desplegable-16.jpeg, https://iuku.store/wp-content/uploads/2025/03/Anillo-desplegable-19.jpeg, https://iuku.store/wp-content/uploads/2025/03/Anillo-desplegable-24.jpeg, https://iuku.store/wp-content/uploads/2025/03/Anillo-desplegable-4.jpeg, https://iuku.store/wp-content/uploads/2025/03/Anillo-desplegable-15.jpeg, https://iuku.store/wp-content/uploads/2025/03/Anillo-desplegable-18.jpeg, https://iuku.store/wp-content/uploads/2025/03/Anillo-desplegable-25.jpeg, https://iuku.store/wp-content/uploads/2025/03/Anillo-desplegable-1.jpeg",,,,,,,,,0,,,,Color,"Negro, Gris, Gold",0,0,Modelo,"iPhone 12 / 12 Pro, iPhone 12 Pro Max, iPhone 13 / 14, iPhone 13 Pro, iPhone 13 Pro Max, iPhone 14 Pro, iPhone 14 Pro Max, iPhone 14 Plus, iPhone 15, iPhone 15 Pro, iPhone 15 Pro Max, iPhone 15 Plus, iPhone 16, iPhone 16 Pro, iPhone 16 Pro Max, iPhone 16 Plus",0,0,,
2845,variable,IUKU0003,,Funda mate trasucida magsafe,1,0,visible,"Fabricada con plástico flexible con textura gomosa, ofrece una superficie adherente y cómoda al tacto. Los bordes de goma están diseñados para absorber impactos, proporcionando una protección contra caídas. La parte trasera presenta un acabado mate ahumado, que combina estilo moderno y funcionalidad. Una opción ultra resistente para quienes buscan durabilidad sin renunciar a un diseño práctico y elegante.",,,,taxable,,1,,,0,0,,,,,0,,,,FUNDA,,,"https://iuku.store/wp-content/uploads/2025/03/Mate-de-Goma-13.jpeg, https://iuku.store/wp-content/uploads/2025/03/Mate-de-Goma-16.jpeg, https://iuku.store/wp-content/uploads/2025/03/Mate-de-Goma-19.jpeg, https://iuku.store/wp-content/uploads/2025/03/Mate-de-Goma-9.jpeg, https://iuku.store/wp-content/uploads/2025/03/Mate-de-Goma-7.jpeg, https://iuku.store/wp-content/uploads/2025/03/Mate-de-Goma-6.jpeg, https://iuku.store/wp-content/uploads/2025/03/Mate-de-Goma-17.jpeg, https://iuku.store/wp-content/uploads/2025/03/Mate-de-Goma-12.jpeg, https://iuku.store/wp-content/uploads/2025/03/Mate-de-Goma-14.jpeg, https://iuku.store/wp-content/uploads/2025/03/Mate-de-Goma-15.jpeg, https://iuku.store/wp-content/uploads/2025/03/Mate-de-Goma-8.jpeg, https://iuku.store/wp-content/uploads/2025/03/Mate-de-Goma-18.jpeg, https://iuku.store/wp-content/uploads/2025/03/Mate-de-Goma-20.jpeg, https://iuku.store/wp-content/uploads/2025/03/Mate-de-Goma-10.jpeg, https://iuku.store/wp-content/uploads/2025/03/Mate-de-Goma-11.jpeg, https://iuku.store/wp-content/uploads/2025/03/Mate-de-Goma-25.jpeg, https://iuku.store/wp-content/uploads/2025/03/Mate-de-Goma-23.jpeg, https://iuku.store/wp-content/uploads/2025/03/Mate-de-Goma-5.jpeg, https://iuku.store/wp-content/uploads/2025/03/Mate-de-Goma-4.jpeg, https://iuku.store/wp-content/uploads/2025/03/Mate-de-Goma-1.jpeg, https://iuku.store/wp-content/uploads/2025/03/Mate-de-Goma-27.jpeg, https://iuku.store/wp-content/uploads/2025/03/Mate-de-Goma-26.jpeg",,,,,,,,,0,,,,Color,"Negro, Gris, Azul, Rosa",0,0,Modelo,"iPhone 12 / 12 Pro, iPhone 12 Pro Max, iPhone 13 / 14, iPhone 13 Pro, iPhone 13 Pro Max, iPhone 14 Pro, iPhone 14 Pro Max, iPhone 14 Plus, iPhone 15, iPhone 15 Pro, iPhone 15 Pro Max, iPhone 15 Plus, iPhone 16, iPhone 16 Pro, iPhone 16 Pro Max, iPhone 16 Plus",0,0,,
2843,variable,IUKU0001,,Funda ultrafina mate magsafe translúcida rigida,1,0,visible,"Fabricada en plástico rígido ultradelgado con acabado mate traslúcido. Diseñado para permitir el paso de luz, revelando sutilmente los objetos detrás sin ser completamente transparente. Compatible con MagSafe; ideal para usar en oficina, salidas casuales; pensada para vestir elegante.",,,,taxable,,1,,,0,0,,,,,0,,,,FUNDA,,,"https://iuku.store/wp-content/uploads/2025/02/Untitled-2.jpeg, https://iuku.store/wp-content/uploads/2025/02/Untitled-11.jpeg, https://iuku.store/wp-content/uploads/2025/02/Untitled-1.jpeg, https://iuku.store/wp-content/uploads/2025/02/Untitled-7.jpeg, https://iuku.store/wp-content/uploads/2025/02/Untitled-4.jpeg, https://iuku.store/wp-content/uploads/2025/02/Untitled-12.jpeg, https://iuku.store/wp-content/uploads/2025/02/Untitled-32.jpeg, https://iuku.store/wp-content/uploads/2025/02/Untitled-18.jpeg, https://iuku.store/wp-content/uploads/2025/02/Untitled-16.jpeg, https://iuku.store/wp-content/uploads/2025/02/Untitled-26.jpeg, https://iuku.store/wp-content/uploads/2025/02/Untitled-8.jpeg, https://iuku.store/wp-content/uploads/2025/02/Untitled-13.jpeg, https://iuku.store/wp-content/uploads/2025/02/Untitled-6.jpeg, https://iuku.store/wp-content/uploads/2025/02/Untitled-9.jpeg, https://iuku.store/wp-content/uploads/2025/02/Untitled-23.jpeg",,,,,,,,,0,,[],,Color,"Blanco, Negro",0,0,Modelo,"iPhone 12 / 12 Pro, iPhone 12 Pro Max, iPhone 13 / 14, iPhone 13 Pro, iPhone 13 Pro Max, iPhone 14 Pro, iPhone 14 Pro Max, iPhone 14 Plus, iPhone 15, iPhone 15 Pro, iPhone 15 Pro Max, iPhone 15 Plus, iPhone 16, iPhone 16 Pro, iPhone 16 Pro Max, iPhone 16 Plus",0,0,,
2849,variable,IUKU0007,,Mica de Cristal Templado 9D Transparente,1,0,visible,"Su diseño transparente cubre completamente la pantalla, ofreciendo resistencia excepcional contra golpes, caídas, rayones y rasguños. Perfecta para mantener tu dispositivo impecable y protegido ante cualquier eventualidad.",,,,taxable,,1,,,0,0,,,,,0,,,,MICA,,,"https://iuku.store/wp-content/uploads/2025/03/Micas-de-pantalla-2.jpeg, https://iuku.store/wp-content/uploads/2025/03/Sin-titulo-3.jpg, https://iuku.store/wp-content/uploads/2025/03/Micas-de-pantalla-5.jpeg",,,,,,,,,0,,,,Modelo,"iPhone 12, iPhone 12 Pro, iPhone 12 Pro Max, iPhone 13, iPhone 13 Pro, iPhone 13 Pro Max, iPhone 14, iPhone 14 Pro, iPhone 14 Pro Max, iPhone 14 Plus, iPhone 15, iPhone 15 Pro, iPhone 15 Pro Max, iPhone 15 Plus, iPhone 16, iPhone 16 Pro, iPhone 16 Pro Max, iPhone 16 Plus",0,0,,,,,,
2847,variable,IUKU0005,,Mica de cristal templado acabado mate,1,0,visible,"La mica de cristal templado con acabado mate mantiene tu pantalla libre de huellas y reflejos, ofreciendo una estética limpia, elegante y minimalista. Su diseño anti reflejos mejora la visibilidad en exteriores y protege eficazmente contra golpes, caídas y rasguños.",,,,taxable,,1,,,0,0,,,,,0,,,,MICA,,,"https://iuku.store/wp-content/uploads/2025/03/Micas-de-pantalla-6.jpeg, https://iuku.store/wp-content/uploads/2025/03/Sin-titulo-1.png, https://iuku.store/wp-content/uploads/2025/03/Micas-de-pantalla-3.jpeg",,,,,,,,,0,,,,Modelo,"iPhone 12, iPhone 12 Pro, iPhone 12 Pro Max, iPhone 13, iPhone 13 Pro, iPhone 13 Pro Max, iPhone 14, iPhone 14 Pro, iPhone 14 Pro Max, iPhone 14 Plus, iPhone 15, iPhone 15 Pro, iPhone 15 Pro Max, iPhone 15 Plus, iPhone 16, iPhone 16 Pro, iPhone 16 Pro Max, iPhone 16 Plus",0,0,,,,,,
2848,variable,IUKU0006,,Mica de Cristal Templado con Filtro de Privacidad,1,0,visible,"Su tecnología evita que el contenido sea visible desde ángulos laterales, manteniendo tu privacidad en todo momento. Ideal para quienes quieren una protección completa y, además, evitar miradas indiscretas: la mica antichismosos que necesitas.",,,,taxable,,1,,,0,0,,,,,0,,,,MICA,,,"https://iuku.store/wp-content/uploads/2025/03/Micas-de-pantalla-1.jpeg, https://iuku.store/wp-content/uploads/2025/03/Sin-titulo-2.jpg",,,,,,,,,0,,,,Modelo,"iPhone 12, iPhone 12 Pro, iPhone 12 Pro Max, iPhone 13, iPhone 13 Pro, iPhone 13 Pro Max, iPhone 14, iPhone 14 Pro, iPhone 14 Pro Max, iPhone 14 Plus, iPhone 15, iPhone 15 Pro, iPhone 15 Pro Max, iPhone 15 Plus, iPhone 16, iPhone 16 Pro, iPhone 16 Pro Max, iPhone 16 Plus",0,0,,,,,,
3354,variable,IUKU0012,,Protector de cámara individual de cerámica,1,0,visible,,,,,taxable,,1,,,0,0,,,,,0,,,,MICA,,,"https://iuku.store/wp-content/uploads/2025/03/modulo-de-camara-14.jpeg, https://iuku.store/wp-content/uploads/2025/03/modulo-de-camara-15.jpeg, https://iuku.store/wp-content/uploads/2025/03/modulo-de-camara-13.jpeg, https://iuku.store/wp-content/uploads/2025/03/modulo-de-camara-5.jpeg, https://iuku.store/wp-content/uploads/2025/03/modulo-de-camara-4.jpeg, https://iuku.store/wp-content/uploads/2025/03/modulo-de-camara-7.jpeg, https://iuku.store/wp-content/uploads/2025/03/modulo-de-camara-8.jpeg, https://iuku.store/wp-content/uploads/2025/03/modulo-de-camara-16.jpeg, https://iuku.store/wp-content/uploads/2025/03/modulo-de-camara-6.jpeg",,,,,,,,,0,,,,Modelo,"iPhone 12 Pro, iPhone 13 Pro Max / 15 Pro Max / 16 Pro Max, iPhone 14 / 15 / 16 / 16 Plus",0,0,Color,"Plateado, Negro, Gold",0,0,iPhone 13 Pro Max / 15 Pro Max / 16 Pro Max,Negro
2850,variable,IUKU0008,,Protector de cristal templado para módulo de cámara,1,0,visible,"Protege el módulo de cámaras de tu iPhone con esta mica de cristal templado diseñada para brindar seguridad total. Su diseño de una sola pieza cubre completamente las lentes, mientras que los anillos negros integrados en el cristal reducen el exceso de luz para mejorar la calidad de tus fotografías en condiciones de alta luminosidad. Resistente a golpes, caídas y arañazos. Garantiza la protección de tus cámaras sin comprometer la nitidez de tus fotos.",,,,taxable,,1,,,0,0,,,,,0,,,,MICA,,,"https://iuku.store/wp-content/uploads/2025/03/modulo-de-camara-5-1.jpeg, https://iuku.store/wp-content/uploads/2025/03/modulo-de-camara-4-1.jpeg, https://iuku.store/wp-content/uploads/2025/03/modulo-de-camara-3.jpeg, https://iuku.store/wp-content/uploads/2025/03/modulo-de-camara-1.jpeg, https://iuku.store/wp-content/uploads/2025/03/modulo-de-camara-2.jpeg, https://iuku.store/wp-content/uploads/2025/03/modulo-de-camara-6-1.jpeg",,,,,,,,,0,,,,Modelo,"iPhone 12, iPhone 12 Pro / 12 Pro Max, iPhone 13, iPhone 13 Pro / 13 Pro Max, iPhone 14 / 14 Plus, iPhone 14 Pro, iPhone 14 Pro Max, iPhone 15 / 15 Plus, iPhone 15 Pro, iPhone 15 Pro Max, iPhone 16, iPhone 16 Pro, iPhone 16 Pro Max, iPhone 16 Plus",0,0,,,,,,
3567,variation,,,"Adaptador de Carga Samsung - 25w, Blanco",1,0,visible,,,,,taxable,parent,1,19,,0,0,,,,,0,,299,349,,,,https://iuku.store/wp-content/uploads/2025/03/Cargadores-2.jpeg,,,IUKU0009,,,,,,1,,,"{""gallery_source"":""default"",""images"":[]}",Voltaje,25w,,0,Color,Blanco,,0,,
3066,variation,,,"Adaptador de Carga Samsung - 25w, Negro",1,0,visible,,,,,taxable,parent,1,9,,0,0,,,,,0,,299,349,,,,https://iuku.store/wp-content/uploads/2025/03/Cargadores-1.jpeg,,,IUKU0009,,,,,,2,,,"{""gallery_source"":""default"",""images"":[]}",Voltaje,25w,,0,Color,Negro,,0,,
3569,variation,,,"Adaptador de Carga Samsung - 45w, Blanco",1,0,visible,,,,,taxable,parent,1,4,,0,0,,,,,0,,449,499,,,,https://iuku.store/wp-content/uploads/2025/03/Cargadores-5.jpeg,,,IUKU0009,,,,,,3,,,"{""gallery_source"":""default"",""images"":[]}",Voltaje,45w,,0,Color,Blanco,,0,,
3570,variation,,,"Adaptador de Carga Samsung - 45w, Negro",1,0,visible,,,,,taxable,parent,1,8,,0,0,,,,,0,,449,499,,,,https://iuku.store/wp-content/uploads/2025/03/Cargadores-4.jpeg,,,IUKU0009,,,,,,4,,,"{""gallery_source"":""default"",""images"":[]}",Voltaje,45w,,0,Color,Negro,,0,,
3573,variation,,,Cartera Tejido Fino - Azul,1,0,visible,,,,,taxable,parent,0,0,,0,0,,,,,0,,299,349,,,,,,,IUKU0010,,,,,,3,,,,Color,Azul,,0,,,,,,
3572,variation,,,Cartera Tejido Fino - Cafe,1,0,visible,,,,,taxable,parent,1,1,,0,0,,,,,0,,299,349,,,,,,,IUKU0010,,,,,,2,,,,Color,Cafe,,0,,,,,,
3571,variation,,,Cartera Tejido Fino - Negro,1,0,visible,,,,,taxable,parent,1,3,,0,0,,,,,0,,299,349,,,,,,,IUKU0010,,,,,,1,,,,Color,Negro,,0,,,,,,
3072,variation,,,Cartera Tejido Fino - Purpura,1,0,visible,,,,,taxable,parent,0,0,,0,0,,,,,0,,299,349,,,,,,,IUKU0010,,,,,,4,,,,Color,Purpura,,0,,,,,,
3073,variation,,,Cartera Tejido Fino - Rosa,1,0,visible,,,,,taxable,parent,1,1,,0,0,,,,,0,,299,349,,,,,,,IUKU0010,,,,,,5,,,,Color,Rosa,,0,,,,,,
2885,variation,,,"Funda con marco de metal transparente magsafe - Blanco, iPhone 12 / 12 Pro",1,0,visible,,,,,taxable,parent,1,1,,0,0,,,,,0,,249,299,,,,https://iuku.store/wp-content/uploads/2025/03/Marco-de-metal-7.jpeg,,,IUKU0002,,,,,,1,,,"{""gallery_source"":""default"",""images"":[]}",Color,Blanco,,0,Modelo,iPhone 12 / 12 Pro,,0,,
2886,variation,,,"Funda con marco de metal transparente magsafe - Blanco, iPhone 12 Pro Max",1,0,visible,,,,,taxable,parent,1,3,,0,0,,,,,0,,249,299,,,,https://iuku.store/wp-content/uploads/2025/03/Marco-de-metal-7.jpeg,,,IUKU0002,,,,,,2,,,"{""gallery_source"":""default"",""images"":[]}",Color,Blanco,,0,Modelo,iPhone 12 Pro Max,,0,,
2887,variation,,,"Funda con marco de metal transparente magsafe - Blanco, iPhone 13 / 14",1,0,visible,,,,,taxable,parent,1,4,,0,0,,,,,0,,249,299,,,,https://iuku.store/wp-content/uploads/2025/03/Marco-de-metal-29.jpeg,,,IUKU0002,,,,,,3,,,"{""gallery_source"":""default"",""images"":[]}",Color,Blanco,,0,Modelo,iPhone 13 / 14,,0,,
2888,variation,,,"Funda con marco de metal transparente magsafe - Blanco, iPhone 13 Pro",1,0,visible,,,,,taxable,parent,1,2,,0,0,,,,,0,,249,299,,,,https://iuku.store/wp-content/uploads/2025/03/Marco-de-metal-23.jpeg,,,IUKU0002,,,,,,4,,,"{""gallery_source"":""default"",""images"":[]}",Color,Blanco,,0,Modelo,iPhone 13 Pro,,0,,
2889,variation,,,"Funda con marco de metal transparente magsafe - Blanco, iPhone 13 Pro Max",1,0,visible,,,,,taxable,parent,1,2,,0,0,,,,,0,,249,299,,,,https://iuku.store/wp-content/uploads/2025/03/Marco-de-metal-23.jpeg,,,IUKU0002,,,,,,5,,,"{""gallery_source"":""default"",""images"":[]}",Color,Blanco,,0,Modelo,iPhone 13 Pro Max,,0,,
2892,variation,,,"Funda con marco de metal transparente magsafe - Blanco, iPhone 14 Plus",1,0,visible,,,,,taxable,parent,1,1,,0,0,,,,,0,,249,299,,,,https://iuku.store/wp-content/uploads/2025/03/Marco-de-metal-29.jpeg,,,IUKU0002,,,,,,8,,,"{""gallery_source"":""default"",""images"":[]}",Color,Blanco,,0,Modelo,iPhone 14 Plus,,0,,
2890,variation,,,"Funda con marco de metal transparente magsafe - Blanco, iPhone 14 Pro",1,0,visible,,,,,taxable,parent,1,1,,0,0,,,,,0,,249,299,,,,https://iuku.store/wp-content/uploads/2025/03/Marco-de-metal-23.jpeg,,,IUKU0002,,,,,,6,,,"{""gallery_source"":""default"",""images"":[]}",Color,Blanco,,0,Modelo,iPhone 14 Pro,,0,,
2891,variation,,,"Funda con marco de metal transparente magsafe - Blanco, iPhone 14 Pro Max",1,0,visible,,,,,taxable,parent,1,4,,0,0,,,,,0,,249,299,,,,https://iuku.store/wp-content/uploads/2025/03/Marco-de-metal-23.jpeg,,,IUKU0002,,,,,,7,,,"{""gallery_source"":""default"",""images"":[]}",Color,Blanco,,0,Modelo,iPhone 14 Pro Max,,0,,
2893,variation,,,"Funda con marco de metal transparente magsafe - Blanco, iPhone 15",1,0,visible,,,,,taxable,parent,1,3,,0,0,,,,,0,,249,299,,,,https://iuku.store/wp-content/uploads/2025/03/Marco-de-metal-29.jpeg,,,IUKU0002,,,,,,9,,,"{""gallery_source"":""default"",""images"":[]}",Color,Blanco,,0,Modelo,iPhone 15,,0,,
2896,variation,,,"Funda con marco de metal transparente magsafe - Blanco, iPhone 15 Plus",1,0,visible,,,,,taxable,parent,1,2,,0,0,,,,,0,,249,299,,,,https://iuku.store/wp-content/uploads/2025/03/Marco-de-metal-29.jpeg,,,IUKU0002,,,,,,12,,,"{""gallery_source"":""default"",""images"":[]}",Color,Blanco,,0,Modelo,iPhone 15 Plus,,0,,
2894,variation,,,"Funda con marco de metal transparente magsafe - Blanco, iPhone 15 Pro",1,0,visible,,,,,taxable,parent,1,3,,0,0,,,,,0,,249,299,,,,https://iuku.store/wp-content/uploads/2025/03/Marco-de-metal-7.jpeg,,,IUKU0002,,,,,,10,,,"{""gallery_source"":""default"",""images"":[]}",Color,Blanco,,0,Modelo,iPhone 15 Pro,,0,,
2895,variation,,,"Funda con marco de metal transparente magsafe - Blanco, iPhone 15 Pro Max",1,0,visible,,,,,taxable,parent,1,5,,0,0,,,,,0,,249,299,,,,https://iuku.store/wp-content/uploads/2025/03/Marco-de-metal-7.jpeg,,,IUKU0002,,,,,,11,,,"{""gallery_source"":""default"",""images"":[]}",Color,Blanco,,0,Modelo,iPhone 15 Pro Max,,0,,
2897,variation,,,"Funda con marco de metal transparente magsafe - Blanco, iPhone 16",1,0,visible,,,,,taxable,parent,1,2,,0,0,,,,,0,,249,299,,,,https://iuku.store/wp-content/uploads/2025/03/Marco-de-metal-2.jpeg,,,IUKU0002,,,,,,13,,,"{""gallery_source"":""default"",""images"":[]}",Color,Blanco,,0,Modelo,iPhone 16,,0,,
2900,variation,,,"Funda con marco de metal transparente magsafe - Blanco, iPhone 16 Plus",1,0,visible,,,,,taxable,parent,1,1,,0,0,,,,,0,,249,299,,,,https://iuku.store/wp-content/uploads/2025/03/Marco-de-metal-2.jpeg,,,IUKU0002,,,,,,16,,,"{""gallery_source"":""default"",""images"":[]}",Color,Blanco,,0,Modelo,iPhone 16 Plus,,0,,
2898,variation,,,"Funda con marco de metal transparente magsafe - Blanco, iPhone 16 Pro",1,0,visible,,,,,taxable,parent,1,2,,0,0,,,,,0,,249,299,,,,https://iuku.store/wp-content/uploads/2025/03/Marco-de-metal-7.jpeg,,,IUKU0002,,,,,,14,,,"{""gallery_source"":""default"",""images"":[]}",Color,Blanco,,0,Modelo,iPhone 16 Pro,,0,,
2899,variation,,,"Funda con marco de metal transparente magsafe - Blanco, iPhone 16 Pro Max",1,0,visible,,,,,taxable,parent,1,2,,0,0,,,,,0,,249,299,,,,https://iuku.store/wp-content/uploads/2025/03/Marco-de-metal-7.jpeg,,,IUKU0002,,,,,,15,,,"{""gallery_source"":""default"",""images"":[]}",Color,Blanco,,0,Modelo,iPhone 16 Pro Max,,0,,
2917,variation,,,"Funda con marco de metal transparente magsafe - Gris, iPhone 12 / 12 Pro",1,0,visible,,,,,taxable,parent,1,1,,0,0,,,,,0,,249,299,,,,https://iuku.store/wp-content/uploads/2025/03/Marco-de-metal-13.jpeg,,,IUKU0002,,,,,,33,,,"{""gallery_source"":""default"",""images"":[]}",Color,Gris,,0,Modelo,iPhone 12 / 12 Pro,,0,,
2918,variation,,,"Funda con marco de metal transparente magsafe - Gris, iPhone 12 Pro Max",1,0,visible,,,,,taxable,parent,1,2,,0,0,,,,,0,,249,299,,,,https://iuku.store/wp-content/uploads/2025/03/Marco-de-metal-13.jpeg,,,IUKU0002,,,,,,34,,,"{""gallery_source"":""default"",""images"":[]}",Color,Gris,,0,Modelo,iPhone 12 Pro Max,,0,,
2919,variation,,,"Funda con marco de metal transparente magsafe - Gris, iPhone 13 / 14",1,0,visible,,,,,taxable,parent,0,0,,0,0,,,,,0,,249,299,,,,https://iuku.store/wp-content/uploads/2025/03/Marco-de-metal-13.jpeg,,,IUKU0002,,,,,,35,,,"{""gallery_source"":""default"",""images"":[]}",Color,Gris,,0,Modelo,iPhone 13 / 14,,0,,
2920,variation,,,"Funda con marco de metal transparente magsafe - Gris, iPhone 13 Pro",1,0,visible,,,,,taxable,parent,1,2,,0,0,,,,,0,,249,299,,,,https://iuku.store/wp-content/uploads/2025/03/Marco-de-metal-13.jpeg,,,IUKU0002,,,,,,36,,,"{""gallery_source"":""default"",""images"":[]}",Color,Gris,,0,Modelo,iPhone 13 Pro,,0,,
2921,variation,,,"Funda con marco de metal transparente magsafe - Gris, iPhone 13 Pro Max",1,0,visible,,,,,taxable,parent,1,2,,0,0,,,,,0,,249,299,,,,https://iuku.store/wp-content/uploads/2025/03/Marco-de-metal-13.jpeg,,,IUKU0002,,,,,,37,,,"{""gallery_source"":""default"",""images"":[]}",Color,Gris,,0,Modelo,iPhone 13 Pro Max,,0,,
2924,variation,,,"Funda con marco de metal transparente magsafe - Gris, iPhone 14 Plus",1,0,visible,,,,,taxable,parent,1,1,,0,0,,,,,0,,249,299,,,,https://iuku.store/wp-content/uploads/2025/03/Marco-de-metal-13.jpeg,,,IUKU0002,,,,,,40,,,"{""gallery_source"":""default"",""images"":[]}",Color,Gris,,0,Modelo,iPhone 14 Plus,,0,,
2922,variation,,,"Funda con marco de metal transparente magsafe - Gris, iPhone 14 Pro",1,0,visible,,,,,taxable,parent,1,2,,0,0,,,,,0,,249,299,,,,https://iuku.store/wp-content/uploads/2025/03/Marco-de-metal-13.jpeg,,,IUKU0002,,,,,,38,,,"{""gallery_source"":""default"",""images"":[]}",Color,Gris,,0,Modelo,iPhone 14 Pro,,0,,
2923,variation,,,"Funda con marco de metal transparente magsafe - Gris, iPhone 14 Pro Max",1,0,visible,,,,,taxable,parent,1,3,,0,0,,,,,0,,249,299,,,,https://iuku.store/wp-content/uploads/2025/03/Marco-de-metal-13.jpeg,,,IUKU0002,,,,,,39,,,"{""gallery_source"":""default"",""images"":[]}",Color,Gris,,0,Modelo,iPhone 14 Pro Max,,0,,
2925,variation,,,"Funda con marco de metal transparente magsafe - Gris, iPhone 15",1,0,visible,,,,,taxable,parent,0,0,,0,0,,,,,0,,249,299,,,,https://iuku.store/wp-content/uploads/2025/03/Marco-de-metal-13.jpeg,,,IUKU0002,,,,,,41,,,"{""gallery_source"":""default"",""images"":[]}",Color,Gris,,0,Modelo,iPhone 15,,0,,
2928,variation,,,"Funda con marco de metal transparente magsafe - Gris, iPhone 15 Plus",1,0,visible,,,,,taxable,parent,1,1,,0,0,,,,,0,,249,299,,,,https://iuku.store/wp-content/uploads/2025/03/Marco-de-metal-13.jpeg,,,IUKU0002,,,,,,44,,,"{""gallery_source"":""default"",""images"":[]}",Color,Gris,,0,Modelo,iPhone 15 Plus,,0,,
2926,variation,,,"Funda con marco de metal transparente magsafe - Gris, iPhone 15 Pro",1,0,visible,,,,,taxable,parent,1,8,,0,0,,,,,0,,249,299,,,,https://iuku.store/wp-content/uploads/2025/03/Marco-de-metal-13.jpeg,,,IUKU0002,,,,,,42,,,"{""gallery_source"":""default"",""images"":[]}",Color,Gris,,0,Modelo,iPhone 15 Pro,,0,,
2927,variation,,,"Funda con marco de metal transparente magsafe - Gris, iPhone 15 Pro Max",1,0,visible,,,,,taxable,parent,1,8,,0,0,,,,,0,,249,299,,,,https://iuku.store/wp-content/uploads/2025/03/Marco-de-metal-13.jpeg,,,IUKU0002,,,,,,43,,,"{""gallery_source"":""default"",""images"":[]}",Color,Gris,,0,Modelo,iPhone 15 Pro Max,,0,,
2929,variation,,,"Funda con marco de metal transparente magsafe - Gris, iPhone 16",1,0,visible,,,,,taxable,parent,0,0,,0,0,,,,,0,,249,299,,,,,,,IUKU0002,,,,,,45,,,,Color,Gris,,0,Modelo,iPhone 16,,0,,
2932,variation,,,"Funda con marco de metal transparente magsafe - Gris, iPhone 16 Plus",1,0,visible,,,,,taxable,parent,1,1,,0,0,,,,,0,,249,299,,,,https://iuku.store/wp-content/uploads/2025/03/Marco-de-metal-13.jpeg,,,IUKU0002,,,,,,48,,,"{""gallery_source"":""default"",""images"":[]}",Color,Gris,,0,Modelo,iPhone 16 Plus,,0,,
2930,variation,,,"Funda con marco de metal transparente magsafe - Gris, iPhone 16 Pro",1,0,visible,,,,,taxable,parent,1,4,,0,0,,,,,0,,249,299,,,,https://iuku.store/wp-content/uploads/2025/03/Marco-de-metal-13.jpeg,,,IUKU0002,,,,,,46,,,"{""gallery_source"":""default"",""images"":[]}",Color,Gris,,0,Modelo,iPhone 16 Pro,,0,,
2931,variation,,,"Funda con marco de metal transparente magsafe - Gris, iPhone 16 Pro Max",1,0,visible,,,,,taxable,parent,1,4,,0,0,,,,,0,,249,299,,,,https://iuku.store/wp-content/uploads/2025/03/Marco-de-metal-13.jpeg,,,IUKU0002,,,,,,47,,,"{""gallery_source"":""default"",""images"":[]}",Color,Gris,,0,Modelo,iPhone 16 Pro Max,,0,,
2901,variation,,,"Funda con marco de metal transparente magsafe - Negro, iPhone 12 / 12 Pro",1,0,visible,,,,,taxable,parent,1,6,,0,0,,,,,0,,249,299,,,,https://iuku.store/wp-content/uploads/2025/03/Marco-de-metal-10.jpeg,,,IUKU0002,,,,,,17,,,"{""gallery_source"":""default"",""images"":[]}",Color,Negro,,0,Modelo,iPhone 12 / 12 Pro,,0,,
2902,variation,,,"Funda con marco de metal transparente magsafe - Negro, iPhone 12 Pro Max",1,0,visible,,,,,taxable,parent,1,6,,0,0,,,,,0,,249,299,,,,https://iuku.store/wp-content/uploads/2025/03/Marco-de-metal-10.jpeg,,,IUKU0002,,,,,,18,,,"{""gallery_source"":""default"",""images"":[]}",Color,Negro,,0,Modelo,iPhone 12 Pro Max,,0,,
2903,variation,,,"Funda con marco de metal transparente magsafe - Negro, iPhone 13 / 14",1,0,visible,,,,,taxable,parent,1,5,,0,0,,,,,0,,249,299,,,,https://iuku.store/wp-content/uploads/2025/03/Marco-de-metal-10.jpeg,,,IUKU0002,,,,,,19,,,"{""gallery_source"":""default"",""images"":[]}",Color,Negro,,0,Modelo,iPhone 13 / 14,,0,,
2904,variation,,,"Funda con marco de metal transparente magsafe - Negro, iPhone 13 Pro",1,0,visible,,,,,taxable,parent,1,4,,0,0,,,,,0,,249,299,,,,https://iuku.store/wp-content/uploads/2025/03/Marco-de-metal-16.jpeg,,,IUKU0002,,,,,,20,,,"{""gallery_source"":""default"",""images"":[]}",Color,Negro,,0,Modelo,iPhone 13 Pro,,0,,
2905,variation,,,"Funda con marco de metal transparente magsafe - Negro, iPhone 13 Pro Max",1,0,visible,,,,,taxable,parent,1,4,,0,0,,,,,0,,249,299,,,,https://iuku.store/wp-content/uploads/2025/03/Marco-de-metal-16.jpeg,,,IUKU0002,,,,,,21,,,"{""gallery_source"":""default"",""images"":[]}",Color,Negro,,0,Modelo,iPhone 13 Pro Max,,0,,
2908,variation,,,"Funda con marco de metal transparente magsafe - Negro, iPhone 14 Plus",1,0,visible,,,,,taxable,parent,1,2,,0,0,,,,,0,,249,299,,,,https://iuku.store/wp-content/uploads/2025/03/Marco-de-metal-10.jpeg,,,IUKU0002,,,,,,24,,,"{""gallery_source"":""default"",""images"":[]}",Color,Negro,,0,Modelo,iPhone 14 Plus,,0,,
2906,variation,,,"Funda con marco de metal transparente magsafe - Negro, iPhone 14 Pro",1,0,visible,,,,,taxable,parent,1,4,,0,0,,,,,0,,249,299,,,,https://iuku.store/wp-content/uploads/2025/03/Marco-de-metal-16.jpeg,,,IUKU0002,,,,,,22,,,"{""gallery_source"":""default"",""images"":[]}",Color,Negro,,0,Modelo,iPhone 14 Pro,,0,,
2907,variation,,,"Funda con marco de metal transparente magsafe - Negro, iPhone 14 Pro Max",1,0,visible,,,,,taxable,parent,1,5,,0,0,,,,,0,,249,299,,,,https://iuku.store/wp-content/uploads/2025/03/Marco-de-metal-16.jpeg,,,IUKU0002,,,,,,23,,,"{""gallery_source"":""default"",""images"":[]}",Color,Negro,,0,Modelo,iPhone 14 Pro Max,,0,,
2909,variation,,,"Funda con marco de metal transparente magsafe - Negro, iPhone 15",1,0,visible,,,,,taxable,parent,1,4,,0,0,,,,,0,,249,299,,,,https://iuku.store/wp-content/uploads/2025/03/Marco-de-metal-10.jpeg,,,IUKU0002,,,,,,25,,,"{""gallery_source"":""default"",""images"":[]}",Color,Negro,,0,Modelo,iPhone 15,,0,,
2912,variation,,,"Funda con marco de metal transparente magsafe - Negro, iPhone 15 Plus",1,0,visible,,,,,taxable,parent,1,2,,0,0,,,,,0,,249,299,,,,https://iuku.store/wp-content/uploads/2025/03/Marco-de-metal-10.jpeg,,,IUKU0002,,,,,,28,,,"{""gallery_source"":""default"",""images"":[]}",Color,Negro,,0,Modelo,iPhone 15 Plus,,0,,
2910,variation,,,"Funda con marco de metal transparente magsafe - Negro, iPhone 15 Pro",1,0,visible,,,,,taxable,parent,1,4,,0,0,,,,,0,,249,299,,,,https://iuku.store/wp-content/uploads/2025/03/Marco-de-metal-10.jpeg,,,IUKU0002,,,,,,26,,,"{""gallery_source"":""default"",""images"":[]}",Color,Negro,,0,Modelo,iPhone 15 Pro,,0,,
2911,variation,,,"Funda con marco de metal transparente magsafe - Negro, iPhone 15 Pro Max",1,0,visible,,,,,taxable,parent,1,4,,0,0,,,,,0,,249,299,,,,https://iuku.store/wp-content/uploads/2025/03/Marco-de-metal-10.jpeg,,,IUKU0002,,,,,,27,,,"{""gallery_source"":""default"",""images"":[]}",Color,Negro,,0,Modelo,iPhone 15 Pro Max,,0,,
2913,variation,,,"Funda con marco de metal transparente magsafe - Negro, iPhone 16",1,0,visible,,,,,taxable,parent,1,4,,0,0,,,,,0,,249,299,,,,https://iuku.store/wp-content/uploads/2025/03/Marco-de-metal-5.jpeg,,,IUKU0002,,,,,,29,,,"{""gallery_source"":""default"",""images"":[]}",Color,Negro,,0,Modelo,iPhone 16,,0,,
2916,variation,,,"Funda con marco de metal transparente magsafe - Negro, iPhone 16 Plus",1,0,visible,,,,,taxable,parent,1,1,,0,0,,,,,0,,249,299,,,,https://iuku.store/wp-content/uploads/2025/03/Marco-de-metal-5.jpeg,,,IUKU0002,,,,,,32,,,"{""gallery_source"":""default"",""images"":[]}",Color,Negro,,0,Modelo,iPhone 16 Plus,,0,,
2914,variation,,,"Funda con marco de metal transparente magsafe - Negro, iPhone 16 Pro",1,0,visible,,,,,taxable,parent,1,4,,0,0,,,,,0,,249,299,,,,https://iuku.store/wp-content/uploads/2025/03/Marco-de-metal-10.jpeg,,,IUKU0002,,,,,,30,,,"{""gallery_source"":""default"",""images"":[]}",Color,Negro,,0,Modelo,iPhone 16 Pro,,0,,
2915,variation,,,"Funda con marco de metal transparente magsafe - Negro, iPhone 16 Pro Max",1,0,visible,,,,,taxable,parent,1,6,,0,0,,,,,0,,249,299,,,,https://iuku.store/wp-content/uploads/2025/03/Marco-de-metal-10.jpeg,,,IUKU0002,,,,,,31,,,"{""gallery_source"":""default"",""images"":[]}",Color,Negro,,0,Modelo,iPhone 16 Pro Max,,0,,
2991,variation,,,"Funda con soporte de anillo magsafe mate - Gold, iPhone 14 Pro",1,0,visible,,,,,taxable,parent,1,3,,0,0,,,,,0,,249,299,,,,https://iuku.store/wp-content/uploads/2025/03/Anillo-desplegable-13.jpeg,,,IUKU0004,,,,,,24,,,"{""gallery_source"":""default"",""images"":[]}",Color,Gold,,0,Modelo,iPhone 14 Pro,,0,,
2992,variation,,,"Funda con soporte de anillo magsafe mate - Gold, iPhone 14 Pro Max",1,0,visible,,,,,taxable,parent,1,2,,0,0,,,,,0,,249,299,,,,https://iuku.store/wp-content/uploads/2025/03/Anillo-desplegable-13.jpeg,,,IUKU0004,,,,,,25,,,"{""gallery_source"":""default"",""images"":[]}",Color,Gold,,0,Modelo,iPhone 14 Pro Max,,0,,
2993,variation,,,"Funda con soporte de anillo magsafe mate - Gold, iPhone 15 Pro",1,0,visible,,,,,taxable,parent,1,3,,0,0,,,,,0,,249,299,,,,https://iuku.store/wp-content/uploads/2025/03/Anillo-desplegable-13.jpeg,,,IUKU0004,,,,,,26,,,"{""gallery_source"":""default"",""images"":[]}",Color,Gold,,0,Modelo,iPhone 15 Pro,,0,,
2994,variation,,,"Funda con soporte de anillo magsafe mate - Gold, iPhone 15 Pro Max",1,0,visible,,,,,taxable,parent,1,1,,0,0,,,,,0,,249,299,,,,https://iuku.store/wp-content/uploads/2025/03/Anillo-desplegable-13.jpeg,,,IUKU0004,,,,,,27,,,"{""gallery_source"":""default"",""images"":[]}",Color,Gold,,0,Modelo,iPhone 15 Pro Max,,0,,
2995,variation,,,"Funda con soporte de anillo magsafe mate - Gold, iPhone 16 Pro",1,0,visible,,,,,taxable,parent,1,3,,0,0,,,,,0,,249,299,,,,https://iuku.store/wp-content/uploads/2025/03/Anillo-desplegable-13.jpeg,,,IUKU0004,,,,,,28,,,"{""gallery_source"":""default"",""images"":[]}",Color,Gold,,0,Modelo,iPhone 16 Pro,,0,,
2996,variation,,,"Funda con soporte de anillo magsafe mate - Gold, iPhone 16 Pro Max",1,0,visible,,,,,taxable,parent,1,2,,0,0,,,,,0,,249,299,,,,https://iuku.store/wp-content/uploads/2025/03/Anillo-desplegable-13.jpeg,,,IUKU0004,,,,,,29,,,"{""gallery_source"":""default"",""images"":[]}",Color,Gold,,0,Modelo,iPhone 16 Pro Max,,0,,
2984,variation,,,"Funda con soporte de anillo magsafe mate - Gris, iPhone 12 / 12 Pro",1,0,visible,,,,,taxable,parent,1,2,,0,0,,,,,0,,249,299,,,,https://iuku.store/wp-content/uploads/2025/03/Anillo-desplegable-16.jpeg,,,IUKU0004,,,,,,17,,,"{""gallery_source"":""default"",""images"":[]}",Color,Gris,,0,Modelo,iPhone 12 / 12 Pro,,0,,
2985,variation,,,"Funda con soporte de anillo magsafe mate - Gris, iPhone 13 Pro",1,0,visible,,,,,taxable,parent,1,2,,0,0,,,,,0,,249,299,,,,https://iuku.store/wp-content/uploads/2025/03/Anillo-desplegable-16.jpeg,,,IUKU0004,,,,,,18,,,"{""gallery_source"":""default"",""images"":[]}",Color,Gris,,0,Modelo,iPhone 13 Pro,,0,,
3487,variation,,,"Funda con soporte de anillo magsafe mate - Gris, iPhone 13 Pro",1,0,visible,,,,,taxable,parent,1,2,,0,0,,,,,0,,249,299,,,,https://iuku.store/wp-content/uploads/2025/03/Anillo-desplegable-16.jpeg,,,IUKU0004,,,,,,18,,,,Color,Gris,,0,Modelo,iPhone 13 Pro,,0,,
2986,variation,,,"Funda con soporte de anillo magsafe mate - Gris, iPhone 15 Pro",1,0,visible,,,,,taxable,parent,1,2,,0,0,,,,,0,,249,299,,,,https://iuku.store/wp-content/uploads/2025/03/Anillo-desplegable-16.jpeg,,,IUKU0004,,,,,,19,,,"{""gallery_source"":""default"",""images"":[]}",Color,Gris,,0,Modelo,iPhone 15 Pro,,0,,
2987,variation,,,"Funda con soporte de anillo magsafe mate - Gris, iPhone 15 Pro Max",1,0,visible,,,,,taxable,parent,1,1,,0,0,,,,,0,,249,299,,,,https://iuku.store/wp-content/uploads/2025/03/Anillo-desplegable-16.jpeg,,,IUKU0004,,,,,,20,,,"{""gallery_source"":""default"",""images"":[]}",Color,Gris,,0,Modelo,iPhone 15 Pro Max,,0,,
2988,variation,,,"Funda con soporte de anillo magsafe mate - Gris, iPhone 16",1,0,visible,,,,,taxable,parent,1,2,,0,0,,,,,0,,249,299,,,,https://iuku.store/wp-content/uploads/2025/03/Anillo-desplegable-8.jpeg,,,IUKU0004,,,,,,21,,,"{""gallery_source"":""default"",""images"":[]}",Color,Gris,,0,Modelo,iPhone 16,,0,,
2989,variation,,,"Funda con soporte de anillo magsafe mate - Gris, iPhone 16 Pro",1,0,visible,,,,,taxable,parent,1,2,,0,0,,,,,0,,249,299,,,,https://iuku.store/wp-content/uploads/2025/03/Anillo-desplegable-16.jpeg,,,IUKU0004,,,,,,22,,,"{""gallery_source"":""default"",""images"":[]}",Color,Gris,,0,Modelo,iPhone 16 Pro,,0,,
2990,variation,,,"Funda con soporte de anillo magsafe mate - Gris, iPhone 16 Pro Max",1,0,visible,,,,,taxable,parent,1,3,,0,0,,,,,0,,249,299,,,,https://iuku.store/wp-content/uploads/2025/03/Anillo-desplegable-16.jpeg,,,IUKU0004,,,,,,23,,,"{""gallery_source"":""default"",""images"":[]}",Color,Gris,,0,Modelo,iPhone 16 Pro Max,,0,,
2968,variation,,,"Funda con soporte de anillo magsafe mate - Negro, iPhone 12 / 12 Pro",1,0,visible,,,,,taxable,parent,1,2,,0,0,,,,,0,,249,299,,,,https://iuku.store/wp-content/uploads/2025/03/Anillo-desplegable-21.jpeg,,,IUKU0004,,,,,,1,,,"{""gallery_source"":""default"",""images"":[]}",Color,Negro,,0,Modelo,iPhone 12 / 12 Pro,,0,,
2969,variation,,,"Funda con soporte de anillo magsafe mate - Negro, iPhone 12 Pro Max",1,0,visible,,,,,taxable,parent,1,2,,0,0,,,,,0,,249,299,,,,https://iuku.store/wp-content/uploads/2025/03/Anillo-desplegable-21.jpeg,,,IUKU0004,,,,,,2,,,"{""gallery_source"":""default"",""images"":[]}",Color,Negro,,0,Modelo,iPhone 12 Pro Max,,0,,
2970,variation,,,"Funda con soporte de anillo magsafe mate - Negro, iPhone 13 / 14",1,0,visible,,,,,taxable,parent,1,3,,0,0,,,,,0,,249,299,,,,https://iuku.store/wp-content/uploads/2025/03/Anillo-desplegable-21.jpeg,,,IUKU0004,,,,,,3,,,"{""gallery_source"":""default"",""images"":[]}",Color,Negro,,0,Modelo,iPhone 13 / 14,,0,,
2971,variation,,,"Funda con soporte de anillo magsafe mate - Negro, iPhone 13 Pro",1,0,visible,,,,,taxable,parent,1,2,,0,0,,,,,0,,249,299,,,,https://iuku.store/wp-content/uploads/2025/03/Anillo-desplegable-21.jpeg,,,IUKU0004,,,,,,4,,,"{""gallery_source"":""default"",""images"":[]}",Color,Negro,,0,Modelo,iPhone 13 Pro,,0,,
2972,variation,,,"Funda con soporte de anillo magsafe mate - Negro, iPhone 13 Pro Max",1,0,visible,,,,,taxable,parent,1,2,,0,0,,,,,0,,249,299,,,,https://iuku.store/wp-content/uploads/2025/03/Anillo-desplegable-21.jpeg,,,IUKU0004,,,,,,5,,,"{""gallery_source"":""default"",""images"":[]}",Color,Negro,,0,Modelo,iPhone 13 Pro Max,,0,,
2975,variation,,,"Funda con soporte de anillo magsafe mate - Negro, iPhone 14 Plus",1,0,visible,,,,,taxable,parent,1,2,,0,0,,,,,0,,249,299,,,,https://iuku.store/wp-content/uploads/2025/03/Anillo-desplegable-21.jpeg,,,IUKU0004,,,,,,8,,,"{""gallery_source"":""default"",""images"":[]}",Color,Negro,,0,Modelo,iPhone 14 Plus,,0,,
2973,variation,,,"Funda con soporte de anillo magsafe mate - Negro, iPhone 14 Pro",1,0,visible,,,,,taxable,parent,1,2,,0,0,,,,,0,,249,299,,,,https://iuku.store/wp-content/uploads/2025/03/Anillo-desplegable-21.jpeg,,,IUKU0004,,,,,,6,,,"{""gallery_source"":""default"",""images"":[]}",Color,Negro,,0,Modelo,iPhone 14 Pro,,0,,
2974,variation,,,"Funda con soporte de anillo magsafe mate - Negro, iPhone 14 Pro Max",1,0,visible,,,,,taxable,parent,1,3,,0,0,,,,,0,,249,299,,,,https://iuku.store/wp-content/uploads/2025/03/Anillo-desplegable-21.jpeg,,,IUKU0004,,,,,,7,,,"{""gallery_source"":""default"",""images"":[]}",Color,Negro,,0,Modelo,iPhone 14 Pro Max,,0,,
2976,variation,,,"Funda con soporte de anillo magsafe mate - Negro, iPhone 15",1,0,visible,,,,,taxable,parent,1,2,,0,0,,,,,0,,249,299,,,,https://iuku.store/wp-content/uploads/2025/03/Anillo-desplegable-21.jpeg,,,IUKU0004,,,,,,9,,,"{""gallery_source"":""default"",""images"":[]}",Color,Negro,,0,Modelo,iPhone 15,,0,,
2979,variation,,,"Funda con soporte de anillo magsafe mate - Negro, iPhone 15 Plus",1,0,visible,,,,,taxable,parent,1,2,,0,0,,,,,0,,249,299,,,,https://iuku.store/wp-content/uploads/2025/03/Anillo-desplegable-21.jpeg,,,IUKU0004,,,,,,12,,,"{""gallery_source"":""default"",""images"":[]}",Color,Negro,,0,Modelo,iPhone 15 Plus,,0,,
2977,variation,,,"Funda con soporte de anillo magsafe mate - Negro, iPhone 15 Pro",1,0,visible,,,,,taxable,parent,1,2,,0,0,,,,,0,,249,299,,,,https://iuku.store/wp-content/uploads/2025/03/Anillo-desplegable-21.jpeg,,,IUKU0004,,,,,,10,,,"{""gallery_source"":""default"",""images"":[]}",Color,Negro,,0,Modelo,iPhone 15 Pro,,0,,
2978,variation,,,"Funda con soporte de anillo magsafe mate - Negro, iPhone 15 Pro Max",1,0,visible,,,,,taxable,parent,1,2,,0,0,,,,,0,,249,299,,,,https://iuku.store/wp-content/uploads/2025/03/Anillo-desplegable-21.jpeg,,,IUKU0004,,,,,,11,,,"{""gallery_source"":""default"",""images"":[]}",Color,Negro,,0,Modelo,iPhone 15 Pro Max,,0,,
2980,variation,,,"Funda con soporte de anillo magsafe mate - Negro, iPhone 16",1,0,visible,,,,,taxable,parent,1,2,,0,0,,,,,0,,249,299,,,,https://iuku.store/wp-content/uploads/2025/03/Anillo-desplegable-2.jpeg,,,IUKU0004,,,,,,13,,,"{""gallery_source"":""default"",""images"":[]}",Color,Negro,,0,Modelo,iPhone 16,,0,,
2983,variation,,,"Funda con soporte de anillo magsafe mate - Negro, iPhone 16 Plus",1,0,visible,,,,,taxable,parent,1,2,,0,0,,,,,0,,249,299,,,,https://iuku.store/wp-content/uploads/2025/03/Anillo-desplegable-2.jpeg,,,IUKU0004,,,,,,16,,,"{""gallery_source"":""default"",""images"":[]}",Color,Negro,,0,Modelo,iPhone 16 Plus,,0,,
2981,variation,,,"Funda con soporte de anillo magsafe mate - Negro, iPhone 16 Pro",1,0,visible,,,,,taxable,parent,1,1,,0,0,,,,,0,,249,299,,,,https://iuku.store/wp-content/uploads/2025/03/Anillo-desplegable-21.jpeg,,,IUKU0004,,,,,,14,,,"{""gallery_source"":""default"",""images"":[]}",Color,Negro,,0,Modelo,iPhone 16 Pro,,0,,
2982,variation,,,"Funda con soporte de anillo magsafe mate - Negro, iPhone 16 Pro Max",1,0,visible,,,,,taxable,parent,1,3,,0,0,,,,,0,,249,299,,,,https://iuku.store/wp-content/uploads/2025/03/Anillo-desplegable-21.jpeg,,,IUKU0004,,,,,,15,,,"{""gallery_source"":""default"",""images"":[]}",Color,Negro,,0,Modelo,iPhone 16 Pro Max,,0,,
2957,variation,,,"Funda mate trasucida magsafe - Azul, iPhone 12 / 12 Pro",1,0,visible,,,,,taxable,parent,1,1,,0,0,,,,,0,,219,279,,,,,,,IUKU0003,,,,,,25,,,,Color,Azul,,0,Modelo,iPhone 12 / 12 Pro,,0,,
2958,variation,,,"Funda mate trasucida magsafe - Azul, iPhone 12 Pro Max",1,0,visible,,,,,taxable,parent,1,1,,0,0,,,,,0,,219,279,,,,,,,IUKU0003,,,,,,26,,,,Color,Azul,,0,Modelo,iPhone 12 Pro Max,,0,,
2959,variation,,,"Funda mate trasucida magsafe - Azul, iPhone 13 Pro",1,0,visible,,,,,taxable,parent,1,1,,0,0,,,,,0,,219,279,,,,,,,IUKU0003,,,,,,27,,,,Color,Azul,,0,Modelo,iPhone 13 Pro,,0,,
2960,variation,,,"Funda mate trasucida magsafe - Azul, iPhone 16",1,0,visible,,,,,taxable,parent,1,3,,0,0,,,,,0,,219,279,,,,https://iuku.store/wp-content/uploads/2025/03/Mate-de-Goma-19.jpeg,,,IUKU0003,,,,,,28,,,"{""gallery_source"":""default"",""images"":[]}",Color,Azul,,0,Modelo,iPhone 16,,0,,
2949,variation,,,"Funda mate trasucida magsafe - Gris, iPhone 12 / 12 Pro",1,0,visible,,,,,taxable,parent,1,2,,0,0,,,,,0,,219,279,,,,https://iuku.store/wp-content/uploads/2025/03/Mate-de-Goma-5.jpeg,,,IUKU0003,,,,,,17,,,"{""gallery_source"":""default"",""images"":[]}",Color,Gris,,0,Modelo,iPhone 12 / 12 Pro,,0,,
2950,variation,,,"Funda mate trasucida magsafe - Gris, iPhone 12 Pro Max",1,0,visible,,,,,taxable,parent,1,2,,0,0,,,,,0,,219,279,,,,https://iuku.store/wp-content/uploads/2025/03/Mate-de-Goma-7.jpeg,,,IUKU0003,,,,,,18,,,"{""gallery_source"":""default"",""images"":[]}",Color,Gris,,0,Modelo,iPhone 12 Pro Max,,0,,
2951,variation,,,"Funda mate trasucida magsafe - Gris, iPhone 14 Pro Max",1,0,visible,,,,,taxable,parent,1,3,,0,0,,,,,0,,219,279,,,,https://iuku.store/wp-content/uploads/2025/03/Mate-de-Goma-7.jpeg,,,IUKU0003,,,,,,19,,,"{""gallery_source"":""default"",""images"":[]}",Color,Gris,,0,Modelo,iPhone 14 Pro Max,,0,,
2952,variation,,,"Funda mate trasucida magsafe - Gris, iPhone 15 Pro",1,0,visible,,,,,taxable,parent,1,3,,0,0,,,,,0,,219,279,,,,https://iuku.store/wp-content/uploads/2025/03/Mate-de-Goma-7.jpeg,,,IUKU0003,,,,,,20,,,"{""gallery_source"":""default"",""images"":[]}",Color,Gris,,0,Modelo,iPhone 15 Pro,,0,,
2953,variation,,,"Funda mate trasucida magsafe - Gris, iPhone 15 Pro Max",1,0,visible,,,,,taxable,parent,1,3,,0,0,,,,,0,,219,279,,,,https://iuku.store/wp-content/uploads/2025/03/Mate-de-Goma-7.jpeg,,,IUKU0003,,,,,,21,,,"{""gallery_source"":""default"",""images"":[]}",Color,Gris,,0,Modelo,iPhone 15 Pro Max,,0,,
2954,variation,,,"Funda mate trasucida magsafe - Gris, iPhone 16",1,0,visible,,,,,taxable,parent,1,2,,0,0,,,,,0,,219,279,,,,https://iuku.store/wp-content/uploads/2025/03/Mate-de-Goma-16.jpeg,,,IUKU0003,,,,,,22,,,"{""gallery_source"":""default"",""images"":[]}",Color,Gris,,0,Modelo,iPhone 16,,0,,
2955,variation,,,"Funda mate trasucida magsafe - Gris, iPhone 16 Pro",1,0,visible,,,,,taxable,parent,1,3,,0,0,,,,,0,,219,279,,,,https://iuku.store/wp-content/uploads/2025/03/Mate-de-Goma-7.jpeg,,,IUKU0003,,,,,,23,,,"{""gallery_source"":""default"",""images"":[]}",Color,Gris,,0,Modelo,iPhone 16 Pro,,0,,
2956,variation,,,"Funda mate trasucida magsafe - Gris, iPhone 16 Pro Max",1,0,visible,,,,,taxable,parent,1,3,,0,0,,,,,0,,219,279,,,,https://iuku.store/wp-content/uploads/2025/03/Mate-de-Goma-7.jpeg,,,IUKU0003,,,,,,24,,,"{""gallery_source"":""default"",""images"":[]}",Color,Gris,,0,Modelo,iPhone 16 Pro Max,,0,,
2933,variation,,,"Funda mate trasucida magsafe - Negro, iPhone 12 / 12 Pro",1,0,visible,,,,,taxable,parent,1,2,,0,0,,,,,0,,219,279,,,,https://iuku.store/wp-content/uploads/2025/03/Mate-de-Goma-9.jpeg,,,IUKU0003,,,,,,1,,,"{""gallery_source"":""default"",""images"":[]}",Color,Negro,,0,Modelo,iPhone 12 / 12 Pro,,0,,
2934,variation,,,"Funda mate trasucida magsafe - Negro, iPhone 12 Pro Max",1,0,visible,,,,,taxable,parent,1,2,,0,0,,,,,0,,219,279,,,,https://iuku.store/wp-content/uploads/2025/03/Mate-de-Goma-9.jpeg,,,IUKU0003,,,,,,2,,,"{""gallery_source"":""default"",""images"":[]}",Color,Negro,,0,Modelo,iPhone 12 Pro Max,,0,,
2935,variation,,,"Funda mate trasucida magsafe - Negro, iPhone 13 / 14",1,0,visible,,,,,taxable,parent,1,4,,0,0,,,,,0,,219,279,,,,https://iuku.store/wp-content/uploads/2025/03/Mate-de-Goma-3.jpeg,,,IUKU0003,,,,,,3,,,"{""gallery_source"":""default"",""images"":[]}",Color,Negro,,0,Modelo,iPhone 13 / 14,,0,,
2936,variation,,,"Funda mate trasucida magsafe - Negro, iPhone 13 Pro",1,0,visible,,,,,taxable,parent,1,6,,0,0,,,,,0,,219,279,,,,https://iuku.store/wp-content/uploads/2025/03/Mate-de-Goma-9.jpeg,,,IUKU0003,,,,,,4,,,"{""gallery_source"":""default"",""images"":[]}",Color,Negro,,0,Modelo,iPhone 13 Pro,,0,,
2937,variation,,,"Funda mate trasucida magsafe - Negro, iPhone 13 Pro Max",1,0,visible,,,,,taxable,parent,1,1,,0,0,,,,,0,,219,279,,,,https://iuku.store/wp-content/uploads/2025/03/Mate-de-Goma-9.jpeg,,,IUKU0003,,,,,,5,,,"{""gallery_source"":""default"",""images"":[]}",Color,Negro,,0,Modelo,iPhone 13 Pro Max,,0,,
2940,variation,,,"Funda mate trasucida magsafe - Negro, iPhone 14 Plus",1,0,visible,,,,,taxable,parent,1,2,,0,0,,,,,0,,219,279,,,,https://iuku.store/wp-content/uploads/2025/03/Mate-de-Goma-2.jpeg,,,IUKU0003,,,,,,8,,,"{""gallery_source"":""default"",""images"":[]}",Color,Negro,,0,Modelo,iPhone 14 Plus,,0,,
2938,variation,,,"Funda mate trasucida magsafe - Negro, iPhone 14 Pro",1,0,visible,,,,,taxable,parent,1,2,,0,0,,,,,0,,219,279,,,,https://iuku.store/wp-content/uploads/2025/03/Mate-de-Goma-9.jpeg,,,IUKU0003,,,,,,6,,,"{""gallery_source"":""default"",""images"":[]}",Color,Negro,,0,Modelo,iPhone 14 Pro,,0,,
2939,variation,,,"Funda mate trasucida magsafe - Negro, iPhone 14 Pro Max",1,0,visible,,,,,taxable,parent,1,4,,0,0,,,,,0,,219,279,,,,https://iuku.store/wp-content/uploads/2025/03/Mate-de-Goma-9.jpeg,,,IUKU0003,,,,,,7,,,"{""gallery_source"":""default"",""images"":[]}",Color,Negro,,0,Modelo,iPhone 14 Pro Max,,0,,
2941,variation,,,"Funda mate trasucida magsafe - Negro, iPhone 15",1,0,visible,,,,,taxable,parent,1,2,,0,0,,,,,0,,219,279,,,,https://iuku.store/wp-content/uploads/2025/03/Mate-de-Goma-3.jpeg,,,IUKU0003,,,,,,9,,,"{""gallery_source"":""default"",""images"":[]}",Color,Negro,,0,Modelo,iPhone 15,,0,,
2944,variation,,,"Funda mate trasucida magsafe - Negro, iPhone 15 Plus",1,0,visible,,,,,taxable,parent,1,2,,0,0,,,,,0,,219,279,,,,https://iuku.store/wp-content/uploads/2025/03/Mate-de-Goma-2.jpeg,,,IUKU0003,,,,,,12,,,"{""gallery_source"":""default"",""images"":[]}",Color,Negro,,0,Modelo,iPhone 15 Plus,,0,,
2942,variation,,,"Funda mate trasucida magsafe - Negro, iPhone 15 Pro",1,0,visible,,,,,taxable,parent,1,2,,0,0,,,,,0,,219,279,,,,https://iuku.store/wp-content/uploads/2025/03/Mate-de-Goma-9.jpeg,,,IUKU0003,,,,,,10,,,"{""gallery_source"":""default"",""images"":[]}",Color,Negro,,0,Modelo,iPhone 15 Pro,,0,,
2943,variation,,,"Funda mate trasucida magsafe - Negro, iPhone 15 Pro Max",1,0,visible,,,,,taxable,parent,1,3,,0,0,,,,,0,,219,279,,,,https://iuku.store/wp-content/uploads/2025/03/Mate-de-Goma-9.jpeg,,,IUKU0003,,,,,,11,,,"{""gallery_source"":""default"",""images"":[]}",Color,Negro,,0,Modelo,iPhone 15 Pro Max,,0,,
2945,variation,,,"Funda mate trasucida magsafe - Negro, iPhone 16",1,0,visible,,,,,taxable,parent,1,2,,0,0,,,,,0,,219,279,,,,https://iuku.store/wp-content/uploads/2025/03/Mate-de-Goma-13.jpeg,,,IUKU0003,,,,,,13,,,"{""gallery_source"":""default"",""images"":[]}",Color,Negro,,0,Modelo,iPhone 16,,0,,
2948,variation,,,"Funda mate trasucida magsafe - Negro, iPhone 16 Plus",1,0,visible,,,,,taxable,parent,1,1,,0,0,,,,,0,,219,279,,,,https://iuku.store/wp-content/uploads/2025/03/Mate-de-Goma-13.jpeg,,,IUKU0003,,,,,,16,,,"{""gallery_source"":""default"",""images"":[]}",Color,Negro,,0,Modelo,iPhone 16 Plus,,0,,
2946,variation,,,"Funda mate trasucida magsafe - Negro, iPhone 16 Pro",1,0,visible,,,,,taxable,parent,1,2,,0,0,,,,,0,,219,279,,,,https://iuku.store/wp-content/uploads/2025/03/Mate-de-Goma-9.jpeg,,,IUKU0003,,,,,,14,,,"{""gallery_source"":""default"",""images"":[]}",Color,Negro,,0,Modelo,iPhone 16 Pro,,0,,
2947,variation,,,"Funda mate trasucida magsafe - Negro, iPhone 16 Pro Max",1,0,visible,,,,,taxable,parent,1,2,,0,0,,,,,0,,219,279,,,,https://iuku.store/wp-content/uploads/2025/03/Mate-de-Goma-9.jpeg,,,IUKU0003,,,,,,15,,,"{""gallery_source"":""default"",""images"":[]}",Color,Negro,,0,Modelo,iPhone 16 Pro Max,,0,,
2961,variation,,,"Funda mate trasucida magsafe - Rosa, iPhone 12 / 12 Pro",1,0,visible,,,,,taxable,parent,1,1,,0,0,,,,,0,,219,279,,,,https://iuku.store/wp-content/uploads/2025/03/Mate-de-Goma-26.jpeg,,,IUKU0003,,,,,,29,,,"{""gallery_source"":""default"",""images"":[]}",Color,Rosa,,0,Modelo,iPhone 12 / 12 Pro,,0,,
2962,variation,,,"Funda mate trasucida magsafe - Rosa, iPhone 13 / 14",1,0,visible,,,,,taxable,parent,0,0,,0,0,,,,,0,,219,279,,,,https://iuku.store/wp-content/uploads/2025/03/Mate-de-Goma-26.jpeg,,,IUKU0003,,,,,,30,,,"{""gallery_source"":""default"",""images"":[]}",Color,Rosa,,0,Modelo,iPhone 13 / 14,,0,,
2963,variation,,,"Funda mate trasucida magsafe - Rosa, iPhone 14 Plus",1,0,visible,,,,,taxable,parent,1,1,,0,0,,,,,0,,219,279,,,,https://iuku.store/wp-content/uploads/2025/03/Mate-de-Goma-26.jpeg,,,IUKU0003,,,,,,31,,,"{""gallery_source"":""default"",""images"":[]}",Color,Rosa,,0,Modelo,iPhone 14 Plus,,0,,
2964,variation,,,"Funda mate trasucida magsafe - Rosa, iPhone 15",1,0,visible,,,,,taxable,parent,1,2,,0,0,,,,,0,,219,279,,,,https://iuku.store/wp-content/uploads/2025/03/Mate-de-Goma-26.jpeg,,,IUKU0003,,,,,,32,,,"{""gallery_source"":""default"",""images"":[]}",Color,Rosa,,0,Modelo,iPhone 15,,0,,
2965,variation,,,"Funda mate trasucida magsafe - Rosa, iPhone 15 Plus",1,0,visible,,,,,taxable,parent,1,2,,0,0,,,,,0,,219,279,,,,https://iuku.store/wp-content/uploads/2025/03/Mate-de-Goma-26.jpeg,,,IUKU0003,,,,,,33,,,"{""gallery_source"":""default"",""images"":[]}",Color,Rosa,,0,Modelo,iPhone 15 Plus,,0,,
2966,variation,,,"Funda mate trasucida magsafe - Rosa, iPhone 16",1,0,visible,,,,,taxable,parent,1,3,,0,0,,,,,0,,219,279,,,,https://iuku.store/wp-content/uploads/2025/03/Mate-de-Goma-26.jpeg,,,IUKU0003,,,,,,34,,,"{""gallery_source"":""default"",""images"":[]}",Color,Rosa,,0,Modelo,iPhone 16,,0,,
2967,variation,,,"Funda mate trasucida magsafe - Rosa, iPhone 16 Plus",1,0,visible,,,,,taxable,parent,1,2,,0,0,,,,,0,,219,279,,,,https://iuku.store/wp-content/uploads/2025/03/Mate-de-Goma-26.jpeg,,,IUKU0003,,,,,,35,,,"{""gallery_source"":""default"",""images"":[]}",Color,Rosa,,0,Modelo,iPhone 16 Plus,,0,,
2853,variation,,,"Funda ultrafina mate magsafe translúcida rigida - Blanco, iPhone 12 / 12 Pro",1,0,visible,,,,,taxable,parent,1,6,,0,0,,,,,0,,199,249,,,,https://iuku.store/wp-content/uploads/2025/02/Untitled-1.jpeg,,,IUKU0001,,,,,,1,,,"{""gallery_source"":""default"",""images"":[]}",Color,Blanco,,0,Modelo,iPhone 12 / 12 Pro,,0,,
2854,variation,,,"Funda ultrafina mate magsafe translúcida rigida - Blanco, iPhone 12 Pro Max",1,0,visible,,,,,taxable,parent,1,6,,0,0,,,,,0,,199,249,,,,https://iuku.store/wp-content/uploads/2025/02/Untitled-1.jpeg,,,IUKU0001,,,,,,2,,,"{""gallery_source"":""default"",""images"":[]}",Color,Blanco,,0,Modelo,iPhone 12 Pro Max,,0,,
2855,variation,,,"Funda ultrafina mate magsafe translúcida rigida - Blanco, iPhone 13 / 14",1,0,visible,,,,,taxable,parent,1,2,,0,0,,,,,0,,199,249,,,,https://iuku.store/wp-content/uploads/2025/02/Untitled-37.jpeg,,,IUKU0001,,,,,,3,,,"{""gallery_source"":""default"",""images"":[]}",Color,Blanco,,0,Modelo,iPhone 13 / 14,,0,,
2856,variation,,,"Funda ultrafina mate magsafe translúcida rigida - Blanco, iPhone 13 Pro",1,0,visible,,,,,taxable,parent,1,3,,0,0,,,,,0,,199,249,,,,https://iuku.store/wp-content/uploads/2025/02/Untitled-1.jpeg,,,IUKU0001,,,,,,4,,,"{""gallery_source"":""default"",""images"":[]}",Color,Blanco,,0,Modelo,iPhone 13 Pro,,0,,
2857,variation,,,"Funda ultrafina mate magsafe translúcida rigida - Blanco, iPhone 13 Pro Max",1,0,visible,,,,,taxable,parent,1,6,,0,0,,,,,0,,199,249,,,,https://iuku.store/wp-content/uploads/2025/02/Untitled-1.jpeg,,,IUKU0001,,,,,,5,,,"{""gallery_source"":""default"",""images"":[]}",Color,Blanco,,0,Modelo,iPhone 13 Pro Max,,0,,
2860,variation,,,"Funda ultrafina mate magsafe translúcida rigida - Blanco, iPhone 14 Plus",1,0,visible,,,,,taxable,parent,1,2,,0,0,,,,,0,,199,249,,,,https://iuku.store/wp-content/uploads/2025/02/Untitled-35.jpeg,,,IUKU0001,,,,,,8,,,"{""gallery_source"":""default"",""images"":[]}",Color,Blanco,,0,Modelo,iPhone 14 Plus,,0,,
2858,variation,,,"Funda ultrafina mate magsafe translúcida rigida - Blanco, iPhone 14 Pro",1,0,visible,,,,,taxable,parent,1,9,,0,0,,,,,0,,199,249,,,,https://iuku.store/wp-content/uploads/2025/02/Untitled-1.jpeg,,,IUKU0001,,,,,,6,,,"{""gallery_source"":""default"",""images"":[]}",Color,Blanco,,0,Modelo,iPhone 14 Pro,,0,,
2859,variation,,,"Funda ultrafina mate magsafe translúcida rigida - Blanco, iPhone 14 Pro Max",1,0,visible,,,,,taxable,parent,1,4,,0,0,,,,,0,,199,249,,,,https://iuku.store/wp-content/uploads/2025/02/Untitled-1.jpeg,,,IUKU0001,,,,,,7,,,"{""gallery_source"":""default"",""images"":[]}",Color,Blanco,,0,Modelo,iPhone 14 Pro Max,,0,,
2861,variation,,,"Funda ultrafina mate magsafe translúcida rigida - Blanco, iPhone 15",1,0,visible,,,,,taxable,parent,1,3,,0,0,,,,,0,,199,249,,,,https://iuku.store/wp-content/uploads/2025/02/Untitled-34.jpeg,,,IUKU0001,,,,,,9,,,"{""gallery_source"":""default"",""images"":[]}",Color,Blanco,,0,Modelo,iPhone 15,,0,,
2864,variation,,,"Funda ultrafina mate magsafe translúcida rigida - Blanco, iPhone 15 Plus",1,0,visible,,,,,taxable,parent,1,3,,0,0,,,,,0,,199,249,,,,https://iuku.store/wp-content/uploads/2025/02/Untitled-35.jpeg,,,IUKU0001,,,,,,12,,,"{""gallery_source"":""default"",""images"":[]}",Color,Blanco,,0,Modelo,iPhone 15 Plus,,0,,
2862,variation,,,"Funda ultrafina mate magsafe translúcida rigida - Blanco, iPhone 15 Pro",1,0,visible,,,,,taxable,parent,0,0,,0,0,,,,,0,,199,249,,,,https://iuku.store/wp-content/uploads/2025/02/Untitled-1.jpeg,,,IUKU0001,,,,,,10,,,"{""gallery_source"":""default"",""images"":[]}",Color,Blanco,,0,Modelo,iPhone 15 Pro,,0,,
2863,variation,,,"Funda ultrafina mate magsafe translúcida rigida - Blanco, iPhone 15 Pro Max",1,0,visible,,,,,taxable,parent,1,4,,0,0,,,,,0,,199,249,,,,https://iuku.store/wp-content/uploads/2025/02/Untitled-1.jpeg,,,IUKU0001,,,,,,11,,,"{""gallery_source"":""default"",""images"":[]}",Color,Blanco,,0,Modelo,iPhone 15 Pro Max,,0,,
2865,variation,,,"Funda ultrafina mate magsafe translúcida rigida - Blanco, iPhone 16",1,0,visible,,,,,taxable,parent,1,2,,0,0,,,,,0,,199,249,,,,https://iuku.store/wp-content/uploads/2025/02/Untitled-4.jpeg,,,IUKU0001,,,,,,13,,,"{""gallery_source"":""default"",""images"":[]}",Color,Blanco,,0,Modelo,iPhone 16,,0,,
2868,variation,,,"Funda ultrafina mate magsafe translúcida rigida - Blanco, iPhone 16 Plus",1,0,visible,,,,,taxable,parent,1,2,,0,0,,,,,0,,199,249,,,,https://iuku.store/wp-content/uploads/2025/02/Untitled-4.jpeg,,,IUKU0001,,,,,,16,,,"{""gallery_source"":""default"",""images"":[]}",Color,Blanco,,0,Modelo,iPhone 16 Plus,,0,,
2866,variation,,,"Funda ultrafina mate magsafe translúcida rigida - Blanco, iPhone 16 Pro",1,0,visible,,,,,taxable,parent,1,4,,0,0,,,,,0,,199,249,,,,https://iuku.store/wp-content/uploads/2025/02/Untitled-1.jpeg,,,IUKU0001,,,,,,14,,,"{""gallery_source"":""default"",""images"":[]}",Color,Blanco,,0,Modelo,iPhone 16 Pro,,0,,
2867,variation,,,"Funda ultrafina mate magsafe translúcida rigida - Blanco, iPhone 16 Pro Max",1,0,visible,,,,,taxable,parent,1,4,,0,0,,,,,0,,199,249,,,,https://iuku.store/wp-content/uploads/2025/02/Untitled-1.jpeg,,,IUKU0001,,,,,,15,,,"{""gallery_source"":""default"",""images"":[]}",Color,Blanco,,0,Modelo,iPhone 16 Pro Max,,0,,
2869,variation,,,"Funda ultrafina mate magsafe translúcida rigida - Negro, iPhone 12 / 12 Pro",1,0,visible,,,,,taxable,parent,1,3,,0,0,,,,,0,,199,249,,,,https://iuku.store/wp-content/uploads/2025/02/Untitled-7.jpeg,,,IUKU0001,,,,,,17,,,"{""gallery_source"":""default"",""images"":[]}",Color,Negro,,0,Modelo,iPhone 12 / 12 Pro,,0,,
2870,variation,,,"Funda ultrafina mate magsafe translúcida rigida - Negro, iPhone 12 Pro Max",1,0,visible,,,,,taxable,parent,1,5,,0,0,,,,,0,,199,249,,,,https://iuku.store/wp-content/uploads/2025/02/Untitled-7.jpeg,,,IUKU0001,,,,,,18,,,"{""gallery_source"":""default"",""images"":[]}",Color,Negro,,0,Modelo,iPhone 12 Pro Max,,0,,
2871,variation,,,"Funda ultrafina mate magsafe translúcida rigida - Negro, iPhone 13 / 14",1,0,visible,,,,,taxable,parent,1,4,,0,0,,,,,0,,199,249,,,,https://iuku.store/wp-content/uploads/2025/02/Untitled-36.jpeg,,,IUKU0001,,,,,,19,,,"{""gallery_source"":""default"",""images"":[]}",Color,Negro,,0,Modelo,iPhone 13 / 14,,0,,
2872,variation,,,"Funda ultrafina mate magsafe translúcida rigida - Negro, iPhone 13 Pro",1,0,visible,,,,,taxable,parent,1,5,,0,0,,,,,0,,199,249,,,,https://iuku.store/wp-content/uploads/2025/02/Untitled-7.jpeg,,,IUKU0001,,,,,,20,,,"{""gallery_source"":""default"",""images"":[]}",Color,Negro,,0,Modelo,iPhone 13 Pro,,0,,
2873,variation,,,"Funda ultrafina mate magsafe translúcida rigida - Negro, iPhone 13 Pro Max",1,0,visible,,,,,taxable,parent,1,3,,0,0,,,,,0,,199,249,,,,https://iuku.store/wp-content/uploads/2025/02/Untitled-7.jpeg,,,IUKU0001,,,,,,21,,,"{""gallery_source"":""default"",""images"":[]}",Color,Negro,,0,Modelo,iPhone 13 Pro Max,,0,,
2876,variation,,,"Funda ultrafina mate magsafe translúcida rigida - Negro, iPhone 14 Plus",1,0,visible,,,,,taxable,parent,1,2,,0,0,,,,,0,,199,249,,,,https://iuku.store/wp-content/uploads/2025/02/Untitled-33.jpeg,,,IUKU0001,,,,,,24,,,"{""gallery_source"":""default"",""images"":[]}",Color,Negro,,0,Modelo,iPhone 14 Plus,,0,,
2874,variation,,,"Funda ultrafina mate magsafe translúcida rigida - Negro, iPhone 14 Pro",1,0,visible,,,,,taxable,parent,1,3,,0,0,,,,,0,,199,249,,,,https://iuku.store/wp-content/uploads/2025/02/Untitled-7.jpeg,,,IUKU0001,,,,,,22,,,"{""gallery_source"":""default"",""images"":[]}",Color,Negro,,0,Modelo,iPhone 14 Pro,,0,,
2875,variation,,,"Funda ultrafina mate magsafe translúcida rigida - Negro, iPhone 14 Pro Max",1,0,visible,,,,,taxable,parent,1,5,,0,0,,,,,0,,199,249,,,,https://iuku.store/wp-content/uploads/2025/02/Untitled-7.jpeg,,,IUKU0001,,,,,,23,,,"{""gallery_source"":""default"",""images"":[]}",Color,Negro,,0,Modelo,iPhone 14 Pro Max,,0,,
2877,variation,,,"Funda ultrafina mate magsafe translúcida rigida - Negro, iPhone 15",1,0,visible,,,,,taxable,parent,1,1,,0,0,,,,,0,,199,249,,,,https://iuku.store/wp-content/uploads/2025/02/Untitled-36.jpeg,,,IUKU0001,,,,,,25,,,"{""gallery_source"":""default"",""images"":[]}",Color,Negro,,0,Modelo,iPhone 15,,0,,
2880,variation,,,"Funda ultrafina mate magsafe translúcida rigida - Negro, iPhone 15 Plus",1,0,visible,,,,,taxable,parent,1,2,,0,0,,,,,0,,199,249,,,,https://iuku.store/wp-content/uploads/2025/02/Untitled-33.jpeg,,,IUKU0001,,,,,,28,,,"{""gallery_source"":""default"",""images"":[]}",Color,Negro,,0,Modelo,iPhone 15 Plus,,0,,
2878,variation,,,"Funda ultrafina mate magsafe translúcida rigida - Negro, iPhone 15 Pro",1,0,visible,,,,,taxable,parent,1,2,,0,0,,,,,0,,199,249,,,,https://iuku.store/wp-content/uploads/2025/02/Untitled-7.jpeg,,,IUKU0001,,,,,,26,,,"{""gallery_source"":""default"",""images"":[]}",Color,Negro,,0,Modelo,iPhone 15 Pro,,0,,
2879,variation,,,"Funda ultrafina mate magsafe translúcida rigida - Negro, iPhone 15 Pro Max",1,0,visible,,,,,taxable,parent,1,4,,0,0,,,,,0,,199,249,,,,https://iuku.store/wp-content/uploads/2025/02/Untitled-7.jpeg,,,IUKU0001,,,,,,27,,,"{""gallery_source"":""default"",""images"":[]}",Color,Negro,,0,Modelo,iPhone 15 Pro Max,,0,,
2881,variation,,,"Funda ultrafina mate magsafe translúcida rigida - Negro, iPhone 16",1,0,visible,,,,,taxable,parent,1,1,,0,0,,,,,0,,199,249,,,,https://iuku.store/wp-content/uploads/2025/02/Untitled-10.jpeg,,,IUKU0001,,,,,,29,,,"{""gallery_source"":""default"",""images"":[]}",Color,Negro,,0,Modelo,iPhone 16,,0,,
2884,variation,,,"Funda ultrafina mate magsafe translúcida rigida - Negro, iPhone 16 Plus",1,0,visible,,,,,taxable,parent,1,2,,0,0,,,,,0,,199,249,,,,https://iuku.store/wp-content/uploads/2025/02/Untitled-10.jpeg,,,IUKU0001,,,,,,32,,,"{""gallery_source"":""default"",""images"":[]}",Color,Negro,,0,Modelo,iPhone 16 Plus,,0,,
2882,variation,,,"Funda ultrafina mate magsafe translúcida rigida - Negro, iPhone 16 Pro",1,0,visible,,,,,taxable,parent,1,3,,0,0,,,,,0,,199,249,,,,https://iuku.store/wp-content/uploads/2025/02/Untitled-7.jpeg,,,IUKU0001,,,,,,30,,,"{""gallery_source"":""default"",""images"":[]}",Color,Negro,,0,Modelo,iPhone 16 Pro,,0,,
2883,variation,,,"Funda ultrafina mate magsafe translúcida rigida - Negro, iPhone 16 Pro Max",1,0,visible,,,,,taxable,parent,1,5,,0,0,,,,,0,,199,249,,,,https://iuku.store/wp-content/uploads/2025/02/Untitled-7.jpeg,,,IUKU0001,,,,,,31,,,"{""gallery_source"":""default"",""images"":[]}",Color,Negro,,0,Modelo,iPhone 16 Pro Max,,0,,
3033,variation,,,Mica de Cristal Templado 9D Transparente - iPhone 12,1,0,visible,,,,,taxable,parent,1,1,,0,0,,,,,0,,99,149,,,,,,,IUKU0007,,,,,,1,,,,Modelo,iPhone 12,,0,,,,,,
3034,variation,,,Mica de Cristal Templado 9D Transparente - iPhone 12 Pro,1,0,visible,,,,,taxable,parent,1,5,,0,0,,,,,0,,99,149,,,,,,,IUKU0007,,,,,,2,,,,Modelo,iPhone 12 Pro,,0,,,,,,
3035,variation,,,Mica de Cristal Templado 9D Transparente - iPhone 12 Pro Max,1,0,visible,,,,,taxable,parent,1,5,,0,0,,,,,0,,99,149,,,,,,,IUKU0007,,,,,,3,,,,Modelo,iPhone 12 Pro Max,,0,,,,,,
3036,variation,,,Mica de Cristal Templado 9D Transparente - iPhone 13,1,0,visible,,,,,taxable,parent,1,5,,0,0,,,,,0,,99,149,,,,,,,IUKU0007,,,,,,4,,,,Modelo,iPhone 13,,0,,,,,,
3037,variation,,,Mica de Cristal Templado 9D Transparente - iPhone 13 Pro,1,0,visible,,,,,taxable,parent,1,5,,0,0,,,,,0,,99,149,,,,,,,IUKU0007,,,,,,5,,,,Modelo,iPhone 13 Pro,,0,,,,,,
3038,variation,,,Mica de Cristal Templado 9D Transparente - iPhone 13 Pro Max,1,0,visible,,,,,taxable,parent,1,5,,0,0,,,,,0,,99,149,,,,,,,IUKU0007,,,,,,6,,,,Modelo,iPhone 13 Pro Max,,0,,,,,,
3039,variation,,,Mica de Cristal Templado 9D Transparente - iPhone 14,1,0,visible,,,,,taxable,parent,1,5,,0,0,,,,,0,,99,149,,,,,,,IUKU0007,,,,,,7,,,,Modelo,iPhone 14,,0,,,,,,
3042,variation,,,Mica de Cristal Templado 9D Transparente - iPhone 14 Plus,1,0,visible,,,,,taxable,parent,1,5,,0,0,,,,,0,,99,149,,,,,,,IUKU0007,,,,,,10,,,,Modelo,iPhone 14 Plus,,0,,,,,,
3040,variation,,,Mica de Cristal Templado 9D Transparente - iPhone 14 Pro,1,0,visible,,,,,taxable,parent,1,5,,0,0,,,,,0,,99,149,,,,,,,IUKU0007,,,,,,8,,,,Modelo,iPhone 14 Pro,,0,,,,,,
3041,variation,,,Mica de Cristal Templado 9D Transparente - iPhone 14 Pro Max,1,0,visible,,,,,taxable,parent,1,5,,0,0,,,,,0,,99,149,,,,,,,IUKU0007,,,,,,9,,,,Modelo,iPhone 14 Pro Max,,0,,,,,,
3043,variation,,,Mica de Cristal Templado 9D Transparente - iPhone 15,1,0,visible,,,,,taxable,parent,1,5,,0,0,,,,,0,,99,149,,,,,,,IUKU0007,,,,,,11,,,,Modelo,iPhone 15,,0,,,,,,
3046,variation,,,Mica de Cristal Templado 9D Transparente - iPhone 15 Plus,1,0,visible,,,,,taxable,parent,1,5,,0,0,,,,,0,,99,149,,,,,,,IUKU0007,,,,,,14,,,,Modelo,iPhone 15 Plus,,0,,,,,,
3044,variation,,,Mica de Cristal Templado 9D Transparente - iPhone 15 Pro,1,0,visible,,,,,taxable,parent,1,6,,0,0,,,,,0,,99,149,,,,,,,IUKU0007,,,,,,12,,,,Modelo,iPhone 15 Pro,,0,,,,,,
3045,variation,,,Mica de Cristal Templado 9D Transparente - iPhone 15 Pro Max,1,0,visible,,,,,taxable,parent,1,4,,0,0,,,,,0,,99,149,,,,,,,IUKU0007,,,,,,13,,,,Modelo,iPhone 15 Pro Max,,0,,,,,,
3047,variation,,,Mica de Cristal Templado 9D Transparente - iPhone 16,1,0,visible,,,,,taxable,parent,1,8,,0,0,,,,,0,,99,149,,,,,,,IUKU0007,,,,,,15,,,,Modelo,iPhone 16,,0,,,,,,
3050,variation,,,Mica de Cristal Templado 9D Transparente - iPhone 16 Plus,1,0,visible,,,,,taxable,parent,1,4,,0,0,,,,,0,,99,149,,,,,,,IUKU0007,,,,,,18,,,,Modelo,iPhone 16 Plus,,0,,,,,,
3048,variation,,,Mica de Cristal Templado 9D Transparente - iPhone 16 Pro,1,0,visible,,,,,taxable,parent,1,8,,0,0,,,,,0,,99,149,,,,,,,IUKU0007,,,,,,16,,,,Modelo,iPhone 16 Pro,,0,,,,,,
3049,variation,,,Mica de Cristal Templado 9D Transparente - iPhone 16 Pro Max,1,0,visible,,,,,taxable,parent,1,4,,0,0,,,,,0,,99,149,,,,,,,IUKU0007,,,,,,17,,,,Modelo,iPhone 16 Pro Max,,0,,,,,,
2997,variation,,,Mica de cristal templado acabado mate - iPhone 12,1,0,visible,,,,,taxable,parent,1,6,,0,0,,,,,0,,99,149,,,,,,,IUKU0005,,,,,,1,,,,Modelo,iPhone 12,,0,,,,,,
2998,variation,,,Mica de cristal templado acabado mate - iPhone 12 Pro,1,0,visible,,,,,taxable,parent,1,4,,0,0,,,,,0,,99,149,,,,,,,IUKU0005,,,,,,2,,,,Modelo,iPhone 12 Pro,,0,,,,,,
2999,variation,,,Mica de cristal templado acabado mate - iPhone 12 Pro Max,1,0,visible,,,,,taxable,parent,1,2,,0,0,,,,,0,,99,149,,,,,,,IUKU0005,,,,,,3,,,,Modelo,iPhone 12 Pro Max,,0,,,,,,
3000,variation,,,Mica de cristal templado acabado mate - iPhone 13,1,0,visible,,,,,taxable,parent,1,6,,0,0,,,,,0,,99,149,,,,,,,IUKU0005,,,,,,4,,,,Modelo,iPhone 13,,0,,,,,,
3001,variation,,,Mica de cristal templado acabado mate - iPhone 13 Pro,1,0,visible,,,,,taxable,parent,1,3,,0,0,,,,,0,,99,149,,,,,,,IUKU0005,,,,,,5,,,,Modelo,iPhone 13 Pro,,0,,,,,,
3002,variation,,,Mica de cristal templado acabado mate - iPhone 13 Pro Max,1,0,visible,,,,,taxable,parent,1,3,,0,0,,,,,0,,99,149,,,,,,,IUKU0005,,,,,,6,,,,Modelo,iPhone 13 Pro Max,,0,,,,,,
3003,variation,,,Mica de cristal templado acabado mate - iPhone 14,1,0,visible,,,,,taxable,parent,1,3,,0,0,,,,,0,,99,149,,,,,,,IUKU0005,,,,,,7,,,,Modelo,iPhone 14,,0,,,,,,
3006,variation,,,Mica de cristal templado acabado mate - iPhone 14 Plus,1,0,visible,,,,,taxable,parent,1,3,,0,0,,,,,0,,99,149,,,,,,,IUKU0005,,,,,,10,,,,Modelo,iPhone 14 Plus,,0,,,,,,
3004,variation,,,Mica de cristal templado acabado mate - iPhone 14 Pro,1,0,visible,,,,,taxable,parent,1,4,,0,0,,,,,0,,99,149,,,,,,,IUKU0005,,,,,,8,,,,Modelo,iPhone 14 Pro,,0,,,,,,
3005,variation,,,Mica de cristal templado acabado mate - iPhone 14 Pro Max,1,0,visible,,,,,taxable,parent,1,6,,0,0,,,,,0,,99,149,,,,,,,IUKU0005,,,,,,9,,,,Modelo,iPhone 14 Pro Max,,0,,,,,,
3007,variation,,,Mica de cristal templado acabado mate - iPhone 15,1,0,visible,,,,,taxable,parent,1,3,,0,0,,,,,0,,99,149,,,,,,,IUKU0005,,,,,,11,,,,Modelo,iPhone 15,,0,,,,,,
3010,variation,,,Mica de cristal templado acabado mate - iPhone 15 Plus,1,0,visible,,,,,taxable,parent,1,3,,0,0,,,,,0,,99,149,,,,,,,IUKU0005,,,,,,14,,,,Modelo,iPhone 15 Plus,,0,,,,,,
3008,variation,,,Mica de cristal templado acabado mate - iPhone 15 Pro,1,0,visible,,,,,taxable,parent,1,2,,0,0,,,,,0,,99,149,,,,,,,IUKU0005,,,,,,12,,,,Modelo,iPhone 15 Pro,,0,,,,,,
3009,variation,,,Mica de cristal templado acabado mate - iPhone 15 Pro Max,1,0,visible,,,,,taxable,parent,0,0,,0,0,,,,,0,,99,149,,,,,,,IUKU0005,,,,,,13,,,,Modelo,iPhone 15 Pro Max,,0,,,,,,
3011,variation,,,Mica de cristal templado acabado mate - iPhone 16,1,0,visible,,,,,taxable,parent,1,2,,0,0,,,,,0,,99,149,,,,,,,IUKU0005,,,,,,15,,,,Modelo,iPhone 16,,0,,,,,,
3014,variation,,,Mica de cristal templado acabado mate - iPhone 16 Plus,1,0,visible,,,,,taxable,parent,1,2,,0,0,,,,,0,,99,149,,,,,,,IUKU0005,,,,,,18,,,,Modelo,iPhone 16 Plus,,0,,,,,,
3012,variation,,,Mica de cristal templado acabado mate - iPhone 16 Pro,1,0,visible,,,,,taxable,parent,1,3,,0,0,,,,,0,,99,149,,,,,,,IUKU0005,,,,,,16,,,,Modelo,iPhone 16 Pro,,0,,,,,,
3013,variation,,,Mica de cristal templado acabado mate - iPhone 16 Pro Max,1,0,visible,,,,,taxable,parent,1,5,,0,0,,,,,0,,99,149,,,,,,,IUKU0005,,,,,,17,,,,Modelo,iPhone 16 Pro Max,,0,,,,,,
3015,variation,,,Mica de Cristal Templado con Filtro de Privacidad - iPhone 12,1,0,visible,,,,,taxable,parent,1,4,,0,0,,,,,0,,149,199,,,,,,,IUKU0006,,,,,,1,,,,Modelo,iPhone 12,,0,,,,,,
3016,variation,,,Mica de Cristal Templado con Filtro de Privacidad - iPhone 12 Pro,1,0,visible,,,,,taxable,parent,1,5,,0,0,,,,,0,,149,199,,,,,,,IUKU0006,,,,,,2,,,,Modelo,iPhone 12 Pro,,0,,,,,,
3017,variation,,,Mica de Cristal Templado con Filtro de Privacidad - iPhone 12 Pro Max,1,0,visible,,,,,taxable,parent,1,5,,0,0,,,,,0,,149,199,,,,,,,IUKU0006,,,,,,3,,,,Modelo,iPhone 12 Pro Max,,0,,,,,,
3018,variation,,,Mica de Cristal Templado con Filtro de Privacidad - iPhone 13,1,0,visible,,,,,taxable,parent,1,5,,0,0,,,,,0,,149,199,,,,,,,IUKU0006,,,,,,4,,,,Modelo,iPhone 13,,0,,,,,,
3019,variation,,,Mica de Cristal Templado con Filtro de Privacidad - iPhone 13 Pro,1,0,visible,,,,,taxable,parent,1,5,,0,0,,,,,0,,149,199,,,,,,,IUKU0006,,,,,,5,,,,Modelo,iPhone 13 Pro,,0,,,,,,
3020,variation,,,Mica de Cristal Templado con Filtro de Privacidad - iPhone 13 Pro Max,1,0,visible,,,,,taxable,parent,1,7,,0,0,,,,,0,,149,199,,,,,,,IUKU0006,,,,,,6,,,,Modelo,iPhone 13 Pro Max,,0,,,,,,
3021,variation,,,Mica de Cristal Templado con Filtro de Privacidad - iPhone 14,1,0,visible,,,,,taxable,parent,1,5,,0,0,,,,,0,,149,199,,,,,,,IUKU0006,,,,,,7,,,,Modelo,iPhone 14,,0,,,,,,
3024,variation,,,Mica de Cristal Templado con Filtro de Privacidad - iPhone 14 Plus,1,0,visible,,,,,taxable,parent,1,5,,0,0,,,,,0,,149,199,,,,,,,IUKU0006,,,,,,10,,,,Modelo,iPhone 14 Plus,,0,,,,,,
3022,variation,,,Mica de Cristal Templado con Filtro de Privacidad - iPhone 14 Pro,1,0,visible,,,,,taxable,parent,1,5,,0,0,,,,,0,,149,199,,,,,,,IUKU0006,,,,,,8,,,,Modelo,iPhone 14 Pro,,0,,,,,,
3023,variation,,,Mica de Cristal Templado con Filtro de Privacidad - iPhone 14 Pro Max,1,0,visible,,,,,taxable,parent,1,10,,0,0,,,,,0,,149,199,,,,,,,IUKU0006,,,,,,9,,,,Modelo,iPhone 14 Pro Max,,0,,,,,,
3025,variation,,,Mica de Cristal Templado con Filtro de Privacidad - iPhone 15,1,0,visible,,,,,taxable,parent,1,5,,0,0,,,,,0,,149,199,,,,,,,IUKU0006,,,,,,11,,,,Modelo,iPhone 15,,0,,,,,,
3028,variation,,,Mica de Cristal Templado con Filtro de Privacidad - iPhone 15 Plus,1,0,visible,,,,,taxable,parent,1,5,,0,0,,,,,0,,149,199,,,,,,,IUKU0006,,,,,,14,,,,Modelo,iPhone 15 Plus,,0,,,,,,
3026,variation,,,Mica de Cristal Templado con Filtro de Privacidad - iPhone 15 Pro,1,0,visible,,,,,taxable,parent,1,5,,0,0,,,,,0,,149,199,,,,,,,IUKU0006,,,,,,12,,,,Modelo,iPhone 15 Pro,,0,,,,,,
3027,variation,,,Mica de Cristal Templado con Filtro de Privacidad - iPhone 15 Pro Max,1,0,visible,,,,,taxable,parent,1,10,,0,0,,,,,0,,149,199,,,,,,,IUKU0006,,,,,,13,,,,Modelo,iPhone 15 Pro Max,,0,,,,,,
3029,variation,,,Mica de Cristal Templado con Filtro de Privacidad - iPhone 16,1,0,visible,,,,,taxable,parent,1,3,,0,0,,,,,0,,149,199,,,,,,,IUKU0006,,,,,,15,,,,Modelo,iPhone 16,,0,,,,,,
3032,variation,,,Mica de Cristal Templado con Filtro de Privacidad - iPhone 16 Plus,1,0,visible,,,,,taxable,parent,1,5,,0,0,,,,,0,,149,199,,,,,,,IUKU0006,,,,,,18,,,,Modelo,iPhone 16 Plus,,0,,,,,,
3030,variation,,,Mica de Cristal Templado con Filtro de Privacidad - iPhone 16 Pro,1,0,visible,,,,,taxable,parent,1,5,,0,0,,,,,0,,149,199,,,,,,,IUKU0006,,,,,,16,,,,Modelo,iPhone 16 Pro,,0,,,,,,
3031,variation,,,Mica de Cristal Templado con Filtro de Privacidad - iPhone 16 Pro Max,1,0,visible,,,,,taxable,parent,1,8,,0,0,,,,,0,,149,199,,,,,,,IUKU0006,,,,,,17,,,,Modelo,iPhone 16 Pro Max,,0,,,,,,
3578,variation,,,"Protector de cámara individual de cerámica - iPhone 12 Pro, Gold",1,0,visible,,,,,taxable,parent,1,5,,0,0,,,,,0,,99,149,,,,https://iuku.store/wp-content/uploads/2025/03/modulo-de-camara-13.jpeg,,,IUKU0012,,,,,,1,,,"{""gallery_source"":""default"",""images"":[]}",Modelo,iPhone 12 Pro,,0,Color,Gold,,0,,
3577,variation,,,"Protector de cámara individual de cerámica - iPhone 12 Pro, Negro",1,0,visible,,,,,taxable,parent,1,2,,0,0,,,,,0,,99,149,,,,https://iuku.store/wp-content/uploads/2025/03/modulo-de-camara-15.jpeg,,,IUKU0012,,,,,,9,,,"{""gallery_source"":""default"",""images"":[]}",Modelo,iPhone 12 Pro,,0,Color,Negro,,0,,
3576,variation,,,"Protector de cámara individual de cerámica - iPhone 12 Pro, Plateado",1,0,visible,,,,,taxable,parent,1,2,,0,0,,,,,0,,99,149,,,,https://iuku.store/wp-content/uploads/2025/03/modulo-de-camara-14.jpeg,,,IUKU0012,,,,,,8,,,"{""gallery_source"":""default"",""images"":[]}",Modelo,iPhone 12 Pro,,0,Color,Plateado,,0,,
3581,variation,,,"Protector de cámara individual de cerámica - iPhone 13 Pro Max / 15 Pro Max / 16 Pro Max, Gold",1,0,visible,,,,,taxable,parent,1,8,,0,0,,,,,0,,99,149,,,,https://iuku.store/wp-content/uploads/2025/03/modulo-de-camara-13.jpeg,,,IUKU0012,,,,,,4,,,"{""gallery_source"":""default"",""images"":[]}",Modelo,iPhone 13 Pro Max / 15 Pro Max / 16 Pro Max,,0,Color,Gold,,0,,
3580,variation,,,"Protector de cámara individual de cerámica - iPhone 13 Pro Max / 15 Pro Max / 16 Pro Max, Negro",1,0,visible,,,,,taxable,parent,1,6,,0,0,,,,,0,,99,149,,,,https://iuku.store/wp-content/uploads/2025/03/modulo-de-camara-15.jpeg,,,IUKU0012,,,,,,3,,,"{""gallery_source"":""default"",""images"":[]}",Modelo,iPhone 13 Pro Max / 15 Pro Max / 16 Pro Max,,0,Color,Negro,,0,,
3579,variation,,,"Protector de cámara individual de cerámica - iPhone 13 Pro Max / 15 Pro Max / 16 Pro Max, Plateado",1,0,visible,,,,,taxable,parent,1,5,,0,0,,,,,0,,99,149,,,,https://iuku.store/wp-content/uploads/2025/03/modulo-de-camara-14.jpeg,,,IUKU0012,,,,,,2,,,"{""gallery_source"":""default"",""images"":[]}",Modelo,iPhone 13 Pro Max / 15 Pro Max / 16 Pro Max,,0,Color,Plateado,,0,,
3584,variation,,,"Protector de cámara individual de cerámica - iPhone 14 / 15 / 16 / 16 Plus, Gold",1,0,visible,,,,,taxable,parent,1,1,,0,0,,,,,0,,99,149,,,,https://iuku.store/wp-content/uploads/2025/03/modulo-de-camara-13.jpeg,,,IUKU0012,,,,,,7,,,"{""gallery_source"":""default"",""images"":[]}",Modelo,iPhone 14 / 15 / 16 / 16 Plus,,0,Color,Gold,,0,,
3583,variation,,,"Protector de cámara individual de cerámica - iPhone 14 / 15 / 16 / 16 Plus, Negro",1,0,visible,,,,,taxable,parent,1,1,,0,0,,,,,0,,99,149,,,,https://iuku.store/wp-content/uploads/2025/03/modulo-de-camara-15.jpeg,,,IUKU0012,,,,,,6,,,"{""gallery_source"":""default"",""images"":[]}",Modelo,iPhone 14 / 15 / 16 / 16 Plus,,0,Color,Negro,,0,,
3582,variation,,,"Protector de cámara individual de cerámica - iPhone 14 / 15 / 16 / 16 Plus, Plateado",1,0,visible,,,,,taxable,parent,1,2,,0,0,,,,,0,,99,149,,,,https://iuku.store/wp-content/uploads/2025/03/modulo-de-camara-14.jpeg,,,IUKU0012,,,,,,5,,,"{""gallery_source"":""default"",""images"":[]}",Modelo,iPhone 14 / 15 / 16 / 16 Plus,,0,Color,Plateado,,0,,
3051,variation,,,Protector de cristal templado para módulo de cámara - iPhone 12,1,0,visible,,,,,taxable,parent,1,3,,0,0,,,,,0,,99,149,,,,,,,IUKU0008,,,,,,1,,,,Modelo,iPhone 12,,0,,,,,,
3052,variation,,,Protector de cristal templado para módulo de cámara - iPhone 12 Pro / 12 Pro Max,1,0,visible,,,,,taxable,parent,1,3,,0,0,,,,,0,,99,149,,,,,,,IUKU0008,,,,,,3,,,,Modelo,iPhone 12 Pro / 12 Pro Max,,0,,,,,,
3053,variation,,,Protector de cristal templado para módulo de cámara - iPhone 13,1,0,visible,,,,,taxable,parent,1,6,,0,0,,,,,0,,99,149,,,,,,,IUKU0008,,,,,,5,,,,Modelo,iPhone 13,,0,,,,,,
3054,variation,,,Protector de cristal templado para módulo de cámara - iPhone 13 Pro / 13 Pro Max,1,0,visible,,,,,taxable,parent,1,4,,0,0,,,,,0,,99,149,,,,,,,IUKU0008,,,,,,7,,,,Modelo,iPhone 13 Pro / 13 Pro Max,,0,,,,,,
3055,variation,,,Protector de cristal templado para módulo de cámara - iPhone 14 / 14 Plus,1,0,visible,,,,,taxable,parent,1,4,,0,0,,,,,0,,99,149,,,,,,,IUKU0008,,,,,,9,,,,Modelo,iPhone 14 / 14 Plus,,0,,,,,,
3056,variation,,,Protector de cristal templado para módulo de cámara - iPhone 14 Pro,1,0,visible,,,,,taxable,parent,1,3,,0,0,,,,,0,,99,149,,,,,,,IUKU0008,,,,,,11,,,,Modelo,iPhone 14 Pro,,0,,,,,,
3057,variation,,,Protector de cristal templado para módulo de cámara - iPhone 14 Pro Max,1,0,visible,,,,,taxable,parent,1,8,,0,0,,,,,0,,99,149,,,,,,,IUKU0008,,,,,,13,,,,Modelo,iPhone 14 Pro Max,,0,,,,,,
3058,variation,,,Protector de cristal templado para módulo de cámara - iPhone 15 / 15 Plus,1,0,visible,,,,,taxable,parent,1,4,,0,0,,,,,0,,99,149,,,,,,,IUKU0008,,,,,,15,,,,Modelo,iPhone 15 / 15 Plus,,0,,,,,,
3059,variation,,,Protector de cristal templado para módulo de cámara - iPhone 15 Pro,1,0,visible,,,,,taxable,parent,1,8,,0,0,,,,,0,,99,149,,,,,,,IUKU0008,,,,,,17,,,,Modelo,iPhone 15 Pro,,0,,,,,,
3060,variation,,,Protector de cristal templado para módulo de cámara - iPhone 15 Pro Max,1,0,visible,,,,,taxable,parent,1,8,,0,0,,,,,0,,99,149,,,,,,,IUKU0008,,,,,,19,,,,Modelo,iPhone 15 Pro Max,,0,,,,,,
3061,variation,,,Protector de cristal templado para módulo de cámara - iPhone 16,1,0,visible,,,,,taxable,parent,1,7,,0,0,,,,,0,,99,149,,,,https://iuku.store/wp-content/uploads/2025/03/modulo-de-camara-1.jpeg,,,IUKU0008,,,,,,21,,,"{""gallery_source"":""default"",""images"":[]}",Modelo,iPhone 16,,0,,,,,,
3566,variation,,,Protector de cristal templado para módulo de cámara - iPhone 16 Plus,1,0,visible,,,,,taxable,parent,1,4,,0,0,,,,,0,,99,149,,,,https://iuku.store/wp-content/uploads/2025/03/modulo-de-camara-1.jpeg,,,IUKU0008,,,,,,28,,,"{""gallery_source"":""default"",""images"":[]}",Modelo,iPhone 16 Plus,,0,,,,,,
3062,variation,,,Protector de cristal templado para módulo de cámara - iPhone 16 Pro,1,0,visible,,,,,taxable,parent,1,8,,0,0,,,,,0,,99,149,,,,,,,IUKU0008,,,,,,23,,,,Modelo,iPhone 16 Pro,,0,,,,,,
3565,variation,,,Protector de cristal templado para módulo de cámara - iPhone 16 Pro Max,1,0,visible,,,,,taxable,parent,1,14,,0,0,,,,,0,,99,149,,,,,,,IUKU0008,,,,,,26,,,,Modelo,iPhone 16 Pro Max,,0,,,,,,